date,headline,url,categories,summary,vibe,in_top7,source,theme,countries
2026-05-07,"India's 283,772 H-1B Approvals in FY25 Ignite Fresh US Jobs Debate",https://www.business-standard.com/immigration/india-s-283-772-h-1b-visa-approvals-in-fy25-spark-fresh-us-jobs-debate-126050600401_1.html,India Specific|Destination Countries,"India's 283,772 H-1B approvals in FY25 ignite fresh US jobs debate.",neutral,TRUE,Business Standard,Visas and Work Permits,United States
2026-05-07,India Tops Global Remittances at $137.7B — Only Nation Crossing $100B Mark,https://ianslive.in/india-worlds-top-receiver-of-remittances-from-workers-overseas-getting-1377-billion--20260506061803,India Specific,"India tops global remittances at $137.7B, the only nation crossing $100B.",positive,TRUE,IANS,Remittances and Diaspora,India
2026-05-07,IOM World Migration Report 2026: Migration Development Gains at Risk as Legal Pathways Shrink,https://www.iom.int/news/iom-report-migration-drives-economies-and-development-gains-are-risk,Global & Multilateral,IOM's World Migration Report 2026 warns migration development gains are at risk as legal pathways shrink.,negative,TRUE,IOM,Other,Global
2026-05-07,India-UAE and India-US Among World's Top 10 Migration Corridors: UN,https://www.tribuneindia.com/news/india/india-uae-india-us-among-top-10-migration-corridors-in-2024-un,India Specific|Destination Countries,"India-UAE and India-US rank among the world's top 10 migration corridors, per the UN.",positive,TRUE,Tribune India,Remittances and Diaspora,UAE|United States
2026-05-07,"India Launches e-OCI Platform: Citizenship Rules Expand Diaspora Eligibility, Tighten Compliance",https://www.fragomen.com/insights/india-new-oci-rules-bring-broader-eligibility-but-stricter-compliance-measures.html,India Specific,"India launches the e-OCI platform, expanding diaspora eligibility while tightening compliance.",positive,TRUE,Fragomen,Remittances and Diaspora,India
2026-05-07,South Australia Issues 509 Skilled Migration Invitations in May 2026 Round,https://migration.sa.gov.au/news/invitations-issued-may-2026,Destination Countries,South Australia issues 509 skilled migration invitations in its May 2026 round.,positive,TRUE,Migration South Australia,Skills and Talent,Australia
2026-05-07,Romania Implements New Unified Digital Work Permit System for Non-EU Workers,https://www.fragomen.com/insights/romania-new-unified-work-permit-system-and-online-system-implemented.html,Destination Countries,Romania implements a new unified digital work permit system for non-EU workers.,positive,TRUE,Fragomen,Visas and Work Permits,Romania|European Union
2026-05-07,New Zealand Details Further Skilled Migrant Category Changes Effective August 2026,https://www.immigration.govt.nz/about-us/news-centre/further-changes-to-the-skilled-migrant-category-to-come-into-effect-in-august-2026/,Destination Countries,New Zealand details further Skilled Migrant Category changes effective August 2026.,positive,TRUE,Immigration New Zealand,Skills and Talent,New Zealand
2026-05-07,Australia Parliament Opens Public Hearings on Value of Skilled Migration,https://newshub.medianet.com.au/2026/05/upcoming-hearings-on-the-value-of-skilled-migration/150982/,Destination Countries,Australia's Parliament opens public hearings on the value of skilled migration.,neutral,TRUE,Medianet,Skills and Talent,Australia
2026-05-08,UN IMRF 2026 Closes; GCM Progress Declaration Adopted in New York,https://migrationnetwork.un.org/international-migration-review-forum-2026,Global & Multilateral,The UN IMRF 2026 closes with adoption of the GCM Progress Declaration in New York.,neutral,TRUE,UN Migration Network,Other,Global
2026-05-08,IOM World Migration Report 2026: Gains At Risk as Legal Pathways Narrow,https://www.iom.int/news/iom-report-migration-drives-economies-and-development-gains-are-risk,Global & Multilateral,IOM's World Migration Report 2026 warns development gains are at risk as legal pathways narrow.,negative,TRUE,IOM,Other,Global
2026-05-08,Romania Enacts Digital Work Permit Reform; New DAM1/DAM2 Visa System In Force,https://www.crownworldmobility.com/insights/immigration-weekly-update-may-7-2026/,Destination Countries,Romania enacts a digital work permit reform with a new DAM1/DAM2 visa system.,neutral,TRUE,Crown World Mobility,Visas and Work Permits,Romania|European Union
2026-05-08,US USCIS FY2026 H-2B Returning Worker Second Allocation Cap Reached,https://www.crownworldmobility.com/insights/immigration-weekly-update-may-7-2026/,Destination Countries,US USCIS FY2026 H-2B returning worker second allocation cap is reached.,negative,TRUE,Crown World Mobility,Visas and Work Permits,United States
2026-05-08,UAE Eases Minimum Property Threshold for Two-Year Investor Residence Visa,https://www.crownworldmobility.com/insights/immigration-weekly-update-may-7-2026/,Destination Countries,UAE eases the minimum property threshold for its two-year investor residence visa.,positive,TRUE,Crown World Mobility,Visas and Work Permits,UAE
2026-05-08,"22,500+ Seafarers Stranded in Persian Gulf; Philippines, South Asian Workers in Limbo",https://www.aljazeera.com/news/2026/5/8/as-us-and-iran-weigh-peace-deal-stranded-seafarers-wait-in-limbo,Destination Countries|Competitor Countries,"Over 22,500 seafarers remain stranded in the Persian Gulf amid stalled US-Iran peace talks.",negative,TRUE,Al Jazeera,Enforcement and Crisis,Gulf Region|Philippines
2026-05-08,"Germany Declares India ""Country of Choice"" for Skilled Migration; Triple Win",https://ianslive.in/india-country-of-choice-for-skilled-worker-migration-german-official--20260508072102,India Specific|Destination Countries,Germany declares India its 'country of choice' for skilled migration.,positive,TRUE,IANS,Skills and Talent,Germany
2026-05-08,"Indian Seafarers Recount Nightly Blasts, Hunger and Fear in Iran War Ordeal",https://www.al-monitor.com/originals/2026/05/indian-seafarers-endured-nightly-blasts-lack-food-iran-war-ordeal,India Specific|Destination Countries,"Indian seafarers recount nightly blasts, hunger and fear during the Iran war ordeal.",negative,TRUE,Al-Monitor,Enforcement and Crisis,Gulf Region
2026-05-08,"Trapped in Hormuz: 20,000+ Indian Maritime Workers Stranded; 2,680 Evacuated",https://gcaptain.com/trapped-in-hormuz-indian-sailors-describe-nights-of-missiles-fear-and-hunger/,India Specific|Destination Countries,"Over 20,000 Indian maritime workers remain stranded in Hormuz, with only 2,680 evacuated.",negative,TRUE,gCaptain,Enforcement and Crisis,Gulf Region
2026-05-08,India Tops Global Remittances at $137.7B; IOM Flags Gulf Corridor Vulnerability,https://ianslive.in/india-worlds-top-receiver-of-remittances-from-workers-overseas-getting-1377-billion--20260506061803,India Specific|Destination Countries,"India tops global remittances at $137.7B, though IOM flags Gulf corridor vulnerability.",positive,TRUE,IANS,Remittances and Diaspora,India|Gulf Region
2026-05-11,UAE Airports Briefly Halt Flights Amid Missile Alert — Gulf Lifeline Disrupted,https://www.visahq.com/news/2026-05-10/ae/reports-claim-abu-dhabi-and-dubai-airports-briefly-suspended-traffic-amid-weekend-missile-scare/,Destination Countries,UAE airports briefly halt flights amid a missile alert.,negative,TRUE,VisaHQ,Enforcement and Crisis,UAE|Gulf Region
2026-05-11,"UK Channel Crossings Hit 200,000 Milestone — Fresh Pressure to Tighten Immigration",https://www.visahq.com/news/2026-05-10/gb/channel-small-boat-arrivals-hit-200000-milestone-piling-pressure-on-uk-migration-policy/,Destination Countries,"UK Channel crossings hit the 200,000 milestone, piling pressure on migration policy.",negative,TRUE,VisaHQ,Enforcement and Crisis,United Kingdom
2026-05-11,British Airways Freezes Abu Dhabi Route as Middle East Conflict Deepens,https://www.visahq.com/news/2026-05-10/gb/british-airways-freezes-abu-dhabi-route-as-middle-east-conflict-keeps-uk-carriers-in-holding-pattern/,Destination Countries,British Airways freezes its Abu Dhabi route as the Middle East conflict deepens.,negative,TRUE,VisaHQ,Enforcement and Crisis,United Kingdom|UAE
2026-05-11,UK Healthcare Staffing App Automates 'Share Code' Right-to-Work Checks,https://www.visahq.com/news/2026-05-10/gb/digital-share-code-checks-become-standard-as-healthcare-staffing-app-automates-right-to-work-verification/,Destination Countries,A UK healthcare staffing app automates Share Code right-to-work checks.,neutral,TRUE,VisaHQ,Visas and Work Permits,United Kingdom
2026-05-11,Austria-Romania Bust Human-Trafficking Ring Exploiting Migrant Women,https://www.visahq.com/news/2026-05-10/at/austrian-romanian-police-operation-breaks-human-trafficking-ring-exploiting-migrant-women/,Destination Countries,Austria and Romania bust a human-trafficking ring exploiting migrant women.,negative,TRUE,VisaHQ,Enforcement and Crisis,Austria|Romania
2026-05-11,US Revokes Visas of 27 Cruise-Ship Crew After Child-Exploitation Probe,https://www.visahq.com/news/2026-05-10/us/us-revokes-visas-of-27-cruise-ship-crew-members-after-child-exploitation-probe/,Destination Countries,US revokes visas of 27 cruise-ship crew after a child-exploitation probe.,negative,TRUE,VisaHQ,Enforcement and Crisis,United States
2026-05-11,Indonesia Reaffirms Migrant Worker Protection Commitment at UN IMRF,https://www.thestar.com.my/aseanplus/aseanplus-news/2026/05/11/indonesia-reaffirms-commitment-to-migrant-worker-protection-at-un-migration-forum,Competitor Countries,Indonesia reaffirms its migrant worker protection commitment at the UN IMRF.,neutral,TRUE,The Star (Malaysia),Labour and Workers,Indonesia
2026-05-11,Philippine OFWs Safely Repatriated from Dubai Amid Middle East Tensions,https://filipinotimes.net/latest-news/2026/05/10/10-ofws-from-dubai-safely-return-to-ph-amid-middle-east-tensions/,Destination Countries|Competitor Countries,Philippine OFWs are safely repatriated from Dubai amid Middle East tensions.,neutral,TRUE,Filipino Times,Enforcement and Crisis,Philippines|UAE
2026-05-11,India–EFTA Bern Mission Pivots Trade Deal Towards People Mobility,https://www.visahq.com/news/2026-05-10/in/commerce-secretarys-bern-mission-pushes-india-efta-trade-deal-from-paper-to-people-mobility/,India Specific|Destination Countries,India-EFTA Bern mission pivots the trade deal towards people mobility.,positive,TRUE,VisaHQ,Bilateral Deals and Trade,Switzerland
2026-05-11,Karnataka HC Rules Tourist Visas Cannot Cover Business Activities,https://www.visahq.com/news/2026-05-10/in/karnataka-high-court-clarifies-that-tourist-visas-cannot-cover-business-activities/,India Specific,Karnataka High Court rules tourist visas cannot cover business activities.,neutral,TRUE,VisaHQ,Visas and Work Permits,India
2026-05-12,UAE Airspace Locked Down as Iranian Drone Strikes Disrupt Gulf Hubs,https://www.visahq.com/news/2026-05-11/ae/regional-airspace-restrictions-return-as-new-drone-barrage-disrupts-emirates-and-etihad-hubs/,Destination Countries,UAE airspace locked down as Iranian drone strikes disrupt Emirates and Etihad hubs.,negative,TRUE,VisaHQ,Enforcement and Crisis,UAE|Gulf Region
2026-05-12,"US Rejects UN Migration Forum Declaration, Signals Continued Restrictionism",https://www.usnews.com/news/world/articles/2026-05-11/us-rejects-un-migration-forum-declaration-state-department-says,Destination Countries,"The US rejects the UN Migration Forum declaration, signalling continued restrictionism.",negative,TRUE,U.S. News,Other,United States
2026-05-12,USCIS Can Now Deny Accepted Immigration Petitions for Invalid Signatures,https://www.visahq.com/news/2026-05-11/us/uscis-issues-interim-final-rule-allowing-denial-of-approved-petitions-over-invalid-signatures/,Destination Countries,USCIS can now deny already-accepted immigration petitions over invalid signatures.,negative,TRUE,VisaHQ,Visas and Work Permits,United States
2026-05-12,"Czech Republic Releases 2,000 New Non-EU Worker Slots for May",https://www.visahq.com/news/2026-05-11/cz/czech-trade-ministry-adds-2000-new-qualified-employee-slots-as-may-quota-opens/,Destination Countries,"Czech Republic releases 2,000 new non-EU worker slots for May.",positive,TRUE,VisaHQ,Visas and Work Permits,Czech Republic
2026-05-12,Switzerland Sets 14 June Vote on Hard 10-Million Population Cap,https://www.visahq.com/news/2026-05-11/ch/switzerland-sets-14-june-vote-on-landmark-10-million-population-cap/,Destination Countries,Switzerland sets a 14 June vote on a hard 10-million population cap.,negative,TRUE,VisaHQ,Visas and Work Permits,Switzerland
2026-05-12,Canada Express Entry PNP Draw Issues 380 Invitations at CRS Cutoff 798,https://immigrationnewscanada.ca/new-first-express-entry-draw-of-may-2026/,Destination Countries,Canada's Express Entry PNP draw issues 380 invitations at a CRS cutoff of 798.,neutral,TRUE,Immigration News Canada,Skills and Talent,Canada
2026-05-12,"Spain Fights to Preserve Amnesty for 500,000 Undocumented Migrants",https://www.visahq.com/news/2026-05-11/es/spanish-state-counsel-urges-supreme-court-not-to-freeze-mass-regularisation-of-500000-migrants/,Destination Countries,"Spain fights to preserve amnesty for 500,000 undocumented migrants.",positive,TRUE,VisaHQ,Visas and Work Permits,Spain|European Union
2026-05-12,Poland Nationwide e-ID Outage Freezes All Residence-Permit Applications,https://www.visahq.com/news/2026-05-11/pl/nationwide-e-id-outage-in-poland-freezes-online-residence-permit-filings/,Destination Countries,A nationwide e-ID outage in Poland freezes all residence-permit applications.,negative,TRUE,VisaHQ,Visas and Work Permits,Poland
2026-05-12,China Gains Visa-Free Access to Brazil as Reciprocal Waiver Takes Effect,https://www.visahq.com/news/2026-05-11/cn/brazils-visa-free-entry-for-chinese-citizens-takes-effect-opening-the-door-to-south-america/,Destination Countries|Competitor Countries,China gains visa-free access to Brazil as a reciprocal waiver takes effect.,negative,TRUE,VisaHQ,Visas and Work Permits,Brazil|China
2026-05-12,"India Activates 24/7 War Room, Evacuates 5,500+ Nationals as Gulf Crisis Deepens",https://www.visahq.com/news/2026-05-11/in/india-activates-247-war-room-and-repatriates-2500-nationals-as-west-asia-crisis-escalates/,India Specific|Destination Countries,"India activates a 24/7 war room and evacuates 5,500+ nationals as the Gulf crisis deepens.",negative,TRUE,VisaHQ,Enforcement and Crisis,Gulf Region
2026-06-13,US EB-2 Immigrant Visas for India Exhausted,https://www.klaskolaw.com/june-2026/,India Specific|Destination Countries,US EB-2 immigrant visas for India are exhausted for FY2026.,negative,TRUE,Klasko Immigration Law,Visas and Work Permits,United States
2026-06-13,EB-1 and EB-2 India Cutoff Dates Retrogress,https://travel.state.gov/content/travel/en/legal/visa-law0/visa-bulletin/2026/visa-bulletin-for-june-2026.html,India Specific|Destination Countries,EB-1 and EB-2 India cutoff dates retrogress in the June visa bulletin.,negative,TRUE,US State Department,Visas and Work Permits,United States
2026-06-13,Federal Judge Blocks US Immigration Processing Halt,https://www.boundless.com/blog/boundless-weekly-immigration-news,Destination Countries,A federal judge blocks US immigration processing halt policies.,positive,TRUE,Boundless,Visas and Work Permits,United States
2026-06-13,US Proposes Limits on Discretionary Work Authorization,https://ariasvilla.com/new-work-permit-proposal-asylum-office-expansion-and-visa-processing-updates/,Destination Countries,US proposes limits on discretionary work authorization for certain aliens.,negative,TRUE,Arias Villa,Visas and Work Permits,United States
2026-06-13,Philippines EB-3 Visa Category May Face Retrogression,https://travel.state.gov/content/travel/en/legal/visa-law0/visa-bulletin/2026/visa-bulletin-for-june-2026.html,Destination Countries|Competitor Countries,Philippines EB-3 visa category may face retrogression due to high demand.,neutral,TRUE,US State Department,Visas and Work Permits,United States|Philippines
2026-06-15,US Visa Bulletin: India EB-2 Retrogresses 10+ Months,https://travel.state.gov/content/travel/en/legal/visa-law0/visa-bulletin/2026/visa-bulletin-for-june-2026.html,India Specific|Destination Countries,US Visa Bulletin shows India EB-2 retrogressing more than 10 months.,negative,TRUE,US State Department,Visas and Work Permits,United States
2026-06-15,Estonia Implements Major Immigration Reforms for Foreign Workers,https://www.fragomen.com/insights/estonia-significant-immigration-reforms-increase-foreign-worker-employment-flexibility.html,Destination Countries,Estonia implements major immigration reforms increasing flexibility for foreign workers.,positive,TRUE,Fragomen,Visas and Work Permits,Estonia
2026-06-15,Kuwait Suspends All Commercial Visit Visas Indefinitely,https://nairametrics.com/2026/06/13/kuwait-suspends-commercial-visit-visas-disrupts-business-travel-globally/,Destination Countries,Kuwait indefinitely suspends all Commercial Visit Visas.,negative,TRUE,Nairametrics,Visas and Work Permits,Kuwait
2026-06-15,Gulf Corporate Relocations Remain Resilient Despite Regional Tensions,https://www.agbi.com/analysis/employment/2026/06/corporate-relocations-to-the-gulf-retain-appeal/,Destination Countries,Gulf corporate relocations remain resilient despite regional tensions.,neutral,TRUE,AGBI,Other,UAE|Saudi Arabia
2026-06-15,Costa Rica Introduces Humanitarian Permit for Latin American Nationals,https://www.visasupdate.com/post/costa-rica-special-humanitarian-permit-2026,Destination Countries,Costa Rica introduces a special humanitarian permit for Latin American nationals.,positive,TRUE,VisasUpdate,Visas and Work Permits,Costa Rica
2026-06-16,India-EU Mobility Pact Draft Finalized — Implementation July 2026,https://www.visahq.com/news/2026-04-24/in/india-and-eu-finalise-draft-of-comprehensive-mobility-pact-covering-work-and-study-routes/,India Specific|Destination Countries,"India-EU Mobility Pact draft is finalized, targeting implementation in July 2026.",positive,TRUE,VisaHQ,Bilateral Deals and Trade,European Union
2026-06-16,AYUSH Practitioners Get EU Recognition Under India Pact,https://www.radvisionworld.com/blog/what-does-the-mobility-deal-between-the-eu-and-india-mean-for-skilled-workers/,India Specific|Destination Countries,AYUSH practitioners get EU recognition under the India-EU mobility pact.,positive,TRUE,Radvision World,Skills and Talent,European Union
2026-06-16,"Italy Approves 500,000 Work Permits for 2026-2028",https://www.infomigrants.net/en/post/71133/spains-migrant-regularization-scheme-what-it-means-for-mobility-across-the-eu,Destination Countries,"Italy approves close to 500,000 work permits for non-EU nationals for 2026-2028.",positive,TRUE,InfoMigrants,Visas and Work Permits,Italy
2026-06-16,Germany Launches Work-and-Stay Agency for Skilled Immigration,https://www.infomigrants.net/en/post/71211/struggling-to-retain-workforce-talent-some-eu-countries-turn-to-recruiting-from-abroad,Destination Countries,Germany launches the Work-and-Stay Agency to simplify skilled immigration.,positive,TRUE,InfoMigrants,Skills and Talent,Germany
2026-06-16,"France Updates ""Under Strain"" Sectors List for Work Permits",https://www.infomigrants.net/en/post/71211/struggling-to-retain-workforce-talent-some-eu-countries-turn-to-recruiting-from-abroad,Destination Countries,France updates its 'under strain' sectors list to facilitate expedited work permits.,positive,TRUE,InfoMigrants,Visas and Work Permits,France
2026-06-17,India-Israel Sign Labour Mobility MoU,https://ddnews.gov.in/en/india-israel-sign-16-mous-pm-modi-and-pm-netanyahu-announce-special-strategic-partnership/,India Specific|Destination Countries,India and Israel sign 16 MoUs including a labour mobility agreement.,positive,TRUE,DD News,Bilateral Deals and Trade,Israel
2026-06-17,Germany Proposes Six-Week Fast-Track Skilled Worker Visa,https://www.visahq.news/,Destination Countries,Germany proposes a six-week fast-track skilled worker visa.,positive,TRUE,VisaHQ,Visas and Work Permits,Germany
2026-06-17,Italy Extends Asylum Job-Access Wait to 90 Days,https://www.visahq.news/,Destination Countries,Italy extends the asylum job-access wait to 90 days.,negative,TRUE,VisaHQ,Enforcement and Crisis,Italy
2026-06-17,France Operationalises EU Migration Pact with Biometric Screening,https://www.visahq.news/,Destination Countries,France operationalises the EU Migration Pact with mandatory biometric screening.,neutral,TRUE,VisaHQ,Enforcement and Crisis,France|European Union
2026-06-17,Czech Republic Attracts Scientific and Technical Talent,https://iuslaboris.com/insights/global-mobility-update-june-2026/,Destination Countries,Czech Republic introduces new efforts to attract scientific and technical talent.,positive,TRUE,Ius Laboris,Skills and Talent,Czech Republic
2026-06-17,Sweden Tightens Migration Rules,https://iuslaboris.com/insights/global-mobility-update-june-2026/,Destination Countries,Sweden tightens migration rules per the June 2026 global mobility update.,negative,TRUE,Ius Laboris,Visas and Work Permits,Sweden
2026-06-18,EU-India mobility pact targets July 1 provisional entry,https://www.radvisionworld.com/blog/what-does-the-mobility-deal-between-the-eu-and-india-mean-for-skilled-workers/,India Specific|Destination Countries,The EU-India mobility pact targets July 1 for provisional entry into force.,positive,TRUE,Radvision World,Bilateral Deals and Trade,European Union
2026-06-18,NITI Aayog framework advances state-led international mobility,https://www.niti.gov.in/sites/default/files/2026-05/States-Framework-on-International-Mobility.pdf,India Specific,NITI Aayog's framework advances state-led international mobility.,positive,TRUE,NITI Aayog,Skills and Talent,India
2026-06-18,"India-Israel announce 50,000 worker quota for 5 years",https://ddnews.gov.in/en/india-israel-sign-16-mous-pm-modi-and-pm-netanyahu-announce-special-strategic-partnership/,India Specific|Destination Countries,"India and Israel announce a 50,000 worker quota over the next five years.",positive,TRUE,DD News,Bilateral Deals and Trade,Israel
2026-06-18,India secures 27 mobility agreements with 23 countries,https://ddnews.gov.in/en/indias-mobility-pacts-with-23-countries-must-be-expanded-to-protect-migrants-mos-kirti-vardhan-singh/,India Specific,India has secured 27 mobility agreements with 23 countries.,positive,TRUE,DD News,Bilateral Deals and Trade,India
2026-06-18,Thailand scraps 60-day visa-free entry for Indians,https://www.visahq.news/,India Specific|Destination Countries,"Thailand scraps 60-day visa-free entry for Indians, reinstating Visa-on-Arrival.",negative,TRUE,VisaHQ,Visas and Work Permits,Thailand
2026-06-19,India-Slovakia Sign Labour Migration Digital MoU,https://www.tribuneindia.com/news/world/india-slovakia-sign-mous-on-labour-migration-digital-technology/,India Specific|Destination Countries,India and Slovakia sign a labour migration and digital technology MoU.,positive,TRUE,Tribune India,Bilateral Deals and Trade,Slovakia
2026-06-19,India Emerges as Global Skills Hub,https://www.business-standard.com/immigration/india-emerges-as-global-skills-hub-amid-worldwide-talent-shifts-deel-126061100801_1.html,India Specific,"India emerges as a global skills hub amid worldwide talent shifts, per Deel's Global Talent Map.",positive,TRUE,Business Standard,Skills and Talent,India
2026-06-19,EU Migration Pact Becomes Fully Operational,https://www.hrw.org/news/2026/06/10/questions-and-answers-the-eu-pact-on-migration-and-asylum,Destination Countries,The EU Migration and Asylum Pact becomes fully applicable.,negative,TRUE,Human Rights Watch,Enforcement and Crisis,European Union
2026-06-19,Sweden Implements Stricter Labour Immigration Rules,https://www.safeguardglobal.com/resources/blog/sweden-new-labor-immigration-rules/,Destination Countries,Sweden implements stricter labour immigration rules with a higher wage requirement.,negative,TRUE,Safeguard Global,Visas and Work Permits,Sweden
2026-06-23,Quiet news day,https://gatifoundationgroup.slack.com/,,Quiet news day — 0 items found in the last 24 hours.,neutral,TRUE,Slack,Other,Global
2026-06-24,India and Slovakia sign labour migration MoU,https://www.tribuneindia.com/news/world/india-slovakia-sign-mous-on-labour-migration-digital-technology/,India Specific|Destination Countries,India and Slovakia sign an MoU on labour migration.,positive,TRUE,Tribune India,Bilateral Deals and Trade,Slovakia
2026-06-24,EB-2 India retrogresses 10.5 months in June visa bulletin,https://wolfsdorf.com/june-2026-visa-bulletin-sharp-retrogression-for-india-eb-1-and-eb-2-signals-mounting-pressure-on-employment-based-visa-numbers/,India Specific|Destination Countries,EB-2 India retrogresses 10.5 months in the June visa bulletin.,negative,TRUE,Wolfsdorf Rosenthal,Visas and Work Permits,United States
2026-06-24,Court strikes down $100k H-1B fee as bill threatens quota,https://restofworld.org/2026/h1b-visa-impact-india-tech-hiring-faamng/,Destination Countries,A court strikes down the $100k H-1B fee even as a bill threatens to slash the quota.,neutral,TRUE,Rest of World,Visas and Work Permits,United States
2026-06-24,India overhauls employment visa categories and FRRO rules,https://www.fragomen.com/insights/india-visa-registration-rules-and-employment-visa-categories-revised.html,India Specific,India overhauls employment visa categories and FRRO registration rules.,neutral,TRUE,Fragomen,Visas and Work Permits,India
2026-06-24,US moves to cap international student stays at fixed terms,https://www.outlookbusiness.com/news/us-clears-visa-rule-change-foreign-students-may-face-stay-limits-heres-what-it-means-for-indians,Destination Countries,US moves to cap international student stays at fixed terms.,negative,TRUE,Outlook Business,Students and Education,United States
2026-06-24,UK raises English bar and shuts care-worker visa route,https://www.nhsemployers.org/articles/impacts-changes-uk-immigration-policy,Destination Countries,UK raises the English bar and shuts the care-worker visa route.,negative,TRUE,NHS Employers,Visas and Work Permits,United Kingdom
2026-06-24,"Italy's Decreto Flussi opens ~498,000 work visas for 2026-28",https://italylawfirms.com/en/italian-decreto-flussi-2026-work-visa-quotas-clickdays/,Destination Countries,"Italy's Decreto Flussi opens ~498,000 non-EU work visas for 2026-28.",positive,TRUE,Italy Law Firms,Visas and Work Permits,Italy
2026-06-24,Germany updates Blue Card rules amid Indian nurse demand,https://www.make-it-in-germany.com/en/looking-for-foreign-professionals/entering/admission-labour-market/nursing-and-care-professionals,India Specific|Destination Countries,Germany updates Blue Card rules amid demand for Indian nurses.,positive,TRUE,Make it in Germany,Skills and Talent,Germany
2026-06-24,Canada slashes temporary residents 43% for 2026,https://www.fragomen.com/insights/canada-2026-2028-immigration-levels-plan-announced.html,Destination Countries,Canada slashes temporary residents 43% for 2026.,negative,TRUE,Fragomen,Visas and Work Permits,Canada
2026-06-24,Australia lifts Skills in Demand salary floors from July 1,https://www.fragomen.com/trending/australian-immigration.html,Destination Countries,Australia lifts Skills in Demand salary floors from July 1.,neutral,TRUE,Fragomen,Visas and Work Permits,Australia
2026-06-25,"India–Slovakia seal labour mobility MoU, social security pact next",https://organiser.org/2026/06/15/358367/world/india-slovakia-heralds-new-era-of-partnership-seal-mous-in-defence-digital-tech-counter-terrorism-labour-mobility/,India Specific|Destination Countries,"India and Slovakia seal a labour mobility MoU, with a social security pact next.",positive,TRUE,Organiser,Bilateral Deals and Trade,Slovakia
2026-06-25,EB-2 India retrogresses 10.5 months in June visa bulletin,https://www.fragomen.com/insights/june-2026-visa-bulletin.html,India Specific|Destination Countries,EB-2 India retrogresses 10.5 months in the June visa bulletin.,negative,TRUE,Fragomen,Visas and Work Permits,United States
2026-06-25,Court stay keeps $100k H-1B fee in force,https://www.crownworldmobility.com/insights/immigration-weekly-update-june-18-2026-2/,Destination Countries,A court stay keeps the $100k H-1B fee in force.,negative,TRUE,Crown World Mobility,Visas and Work Permits,United States
2026-06-25,India and EU finalise draft comprehensive mobility pact,https://www.visahq.com/news/2026-04-24/in/india-and-eu-finalise-draft-of-comprehensive-mobility-pact-covering-work-and-study-routes/,India Specific|Destination Countries,India and the EU finalise a draft comprehensive mobility pact covering work and study routes.,positive,TRUE,VisaHQ,Bilateral Deals and Trade,European Union
2026-06-25,US moves to cap international student stays at fixed terms,https://www.outlookbusiness.com/news/us-clears-visa-rule-change-foreign-students-may-face-stay-limits-heres-what-it-means-for-indians,Destination Countries,US moves to cap international student stays at fixed terms.,negative,TRUE,Outlook Business,Students and Education,United States
2026-06-25,UK raises English bar and shuts care-worker visa route,https://www.nhsemployers.org/articles/impacts-changes-uk-immigration-policy,Destination Countries,UK raises the English bar and shuts the care-worker visa route.,negative,TRUE,NHS Employers,Visas and Work Permits,United Kingdom
2026-06-25,"Italy's Decreto Flussi opens ~498,000 work visas for 2026-28",https://italylawfirms.com/en/italian-decreto-flussi-2026-work-visa-quotas-clickdays/,Destination Countries,"Italy's Decreto Flussi opens ~498,000 non-EU work visas for 2026-28.",positive,TRUE,Italy Law Firms,Visas and Work Permits,Italy
2026-06-25,"Germany launches digital skilled-worker visa portal, cuts Blue Card to 27 days",https://www.visahq.com/news/2026-02-24/de/germany-rolls-out-fully-digital-skilled-worker-visa-portal-across-all-embassies/,Destination Countries,"Germany launches a digital skilled-worker visa portal, cutting Blue Card processing to 27 days.",positive,TRUE,VisaHQ,Visas and Work Permits,Germany
2026-06-25,"Canada slashes temporary residents 43%, ends Student Direct Stream",https://www.fragomen.com/insights/canada-2026-2028-immigration-levels-plan-announced.html,Destination Countries,Canada slashes temporary residents 43% and ends the Student Direct Stream.,negative,TRUE,Fragomen,Visas and Work Permits,Canada
2026-06-25,Australia lifts Skills in Demand salary floors from July 1,https://www.fragomen.com/insights/minimum-salary-changes-announced.html,Destination Countries,Australia lifts Skills in Demand salary floors from July 1.,neutral,TRUE,Fragomen,Visas and Work Permits,Australia
2026-06-26,"Gulf conflict leaves 1M Indians stranded; 75,000+ summer flights axed",https://themigrationstory.com/post/waiting-for-flights-to-resume-gulf-bound-indian-workers-in-limbo-as-war-disrupts-travel/,India Specific|Destination Countries,"Gulf conflict leaves 1M Indians stranded as 75,000+ summer flights are axed.",negative,TRUE,The Migration Story,Enforcement and Crisis,Gulf Region
2026-06-26,US EB-2 India annual limit exhausted — category fully shut through Sept 30,https://www.fragomen.com/insights/united-states-eb-2-india-immigrant-visa-category-unavailable-through-september-30-after-reaching-annual-limit-for-fy-2026.html,India Specific|Destination Countries,"US EB-2 India annual limit is exhausted, shutting the category through Sept 30.",negative,TRUE,Fragomen,Visas and Work Permits,United States
2026-06-26,"Chile launches expedited 2-year, multi-entry business visa for Indian nationals",https://www.fragomen.com/insights/chile-expedited-business-visa-implemented-for-indian-nationals.html,India Specific|Destination Countries,Chile launches an expedited 2-year multi-entry business visa exclusively for Indian nationals.,positive,TRUE,Fragomen,Visas and Work Permits,Chile
2026-06-26,UK set to double ILR settlement wait from 5 to 10 years,https://www.jobbatical.com/blog/uk-immigration-policy-2026-updates,Destination Countries,UK set to double the ILR settlement qualifying period from 5 to 10 years.,negative,TRUE,Jobbatical,Visas and Work Permits,United Kingdom
2026-06-26,EU Talent Pool Regulation enters into force — global non-EU jobseekers eligible,https://iuslaboris.com/insights/eu-talent-pool-regulation-new-framework-takes-effect-in-june-2026/,Destination Countries,"EU Talent Pool Regulation enters into force, making global non-EU jobseekers eligible.",positive,TRUE,Ius Laboris,Skills and Talent,European Union
2026-06-26,South Korea expands Top-Tier Visa to academics and researchers from June 1,https://kpmg.com/xx/en/our-insights/gms-flash-alert/2026/flash-alert-2026-080.html,Destination Countries,South Korea expands its Top-Tier Visa to academics and researchers from June 1.,positive,TRUE,KPMG,Skills and Talent,South Korea
2026-06-26,Japan halts new food-service SSW Type 1 intake; foreign residents surge 9.6%,https://jobsinjapan.com/japan-faq/japan-2026-foreign-hiring-visa-changes/,Destination Countries,Japan halts new food-service SSW Type 1 intake as foreign residents surge 9.6%.,negative,TRUE,Jobs in Japan,Visas and Work Permits,Japan
2026-06-26,Canada lets provincial nominees work without AOR confirmation (from June 9),https://www.cicnews.com/2026/06/canada-eases-access-to-work-permits-for-provincial-nominees-0676800.html,Destination Countries,Canada lets provincial nominees work without AOR confirmation from June 9.,positive,TRUE,CIC News,Visas and Work Permits,Canada
2026-06-26,Canada's study-permit exemption for work permit holders expires June 27,https://immigrationnewscanada.ca/canada-immigration-changes-june-2026/,Destination Countries,Canada's study-permit exemption for work permit holders expires June 27.,negative,TRUE,Immigration News Canada,Students and Education,Canada
2026-06-26,Poland restricts labor market access for Schengen-route entrants from June 1,https://www.bal.com/immigration-news/poland-immigration-reforms-in-effect-june-1/,Destination Countries,Poland restricts labor market access for Schengen-route entrants from June 1.,neutral,TRUE,BAL,Visas and Work Permits,Poland
2026-06-28,Gulf migrant workers face deadly summer heat with inadequate protection,https://www.hrw.org/news/2026/06/23/gulf-states-migrant-workers-heat-protections-fall-short,Destination Countries,"Gulf migrant workers face deadly summer heat with inadequate protection, per Human Rights Watch.",negative,TRUE,Human Rights Watch,Labour and Workers,Gulf Region
2026-06-28,EU Parliament votes to fast-track deportations and green-light 'return hubs',https://www.euronews.com/my-europe/2026/06/01/eu-greenlights-controversial-return-hubs-in-strictest-ever-new-migration-law,Destination Countries,EU Parliament votes to fast-track deportations and green-light offshore 'return hubs'.,neutral,TRUE,Euronews,Enforcement and Crisis,European Union
2026-06-28,EU Pact on Migration and Asylum enters full application across all 27 member states,https://home-affairs.ec.europa.eu/news/new-migration-and-asylum-rules-enter-application-what-changing-2026-06-12_en,Destination Countries,EU Pact on Migration and Asylum enters full application across all 27 member states.,neutral,TRUE,European Commission,Enforcement and Crisis,European Union
2026-06-29,July Bulletin: EB-5 India Joins EB-2 as Unavailable for FY2026,https://travel.state.gov/content/travel/en/legal/visa-law0/visa-bulletin/2026/visa-bulletin-for-july-2026.html,India Specific|Destination Countries,July Bulletin shows EB-5 India joins EB-2 as unavailable for FY2026.,negative,TRUE,US State Department,Visas and Work Permits,United States
2026-06-29,Indian Carriers Gradually Restoring Gulf Flights as Airspace Eases,https://www.khaleejtimes.com/world/asia/indian-airlines-resume-flights-gulf-middle-east,India Specific|Destination Countries,Indian carriers gradually restore Gulf flights as airspace eases.,positive,TRUE,Khaleej Times,Enforcement and Crisis,Gulf Region
2026-06-29,Iran-US ceasefire holds tentatively; US Navy widens Strait of Hormuz corridor,https://www.pbs.org/newshour/world/iran-and-u-s-reach-an-initial-deal-to-extend-the-ceasefire-and-open-the-strait-of-hormuz-but-challenges-remain,Destination Countries,Iran-US ceasefire holds tentatively as the US Navy widens the Strait of Hormuz corridor.,neutral,TRUE,PBS NewsHour,Enforcement and Crisis,Gulf Region|Iran|United States
2026-06-29,"Canada issues 4,000 healthcare Express Entry invitations at CRS 475",https://immigrationnewscanada.ca/latest-express-entry-draw-on-june-25-2026/,Destination Countries,"Canada issues 4,000 healthcare Express Entry invitations at a CRS cutoff of 475.",positive,TRUE,Immigration News Canada,Skills and Talent,Canada
2026-06-29,Ireland expands employment permits: 32 occupation updates across key sectors,https://kpmg.com/xx/en/our-insights/gms-flash-alert/2026/flash-alert-2026-136.html,Destination Countries,Ireland expands employment permits with 32 occupation updates across key sectors.,positive,TRUE,KPMG,Visas and Work Permits,Ireland
2026-06-29,UK Global Talent visa adds Design Industry pathway from July 1,https://www.gov.uk/global-talent,Destination Countries,UK Global Talent visa adds a Design Industry pathway from July 1.,positive,TRUE,GOV.UK,Skills and Talent,United Kingdom
2026-06-29,India uses ILC Geneva to push bilateral mobility and skill-recognition pacts with 8 countries,https://www.business-standard.com/economy/news/india-pushes-labour-mobility-skill-recognition-pacts-at-geneva-conference-126061001091_1.html,India Specific,India uses the ILC Geneva conference to push bilateral mobility and skill-recognition pacts with 8 countries.,positive,TRUE,Business Standard,Bilateral Deals and Trade,India
2026-06-30,"India–New Zealand FTA Signed: 5,000 Annual Skilled Visas + 1,000 WHVs for Indians",https://www.visahq.com/news/2026-04-27/in/india-new-zealand-fta-signed-unlocking-5000-annual-work-visas-for-indian-professionals/,India Specific|Destination Countries,"India-New Zealand FTA creates 5,000 annual skilled visas plus 1,000 Work & Holiday Visa slots for Indians.",positive,TRUE,VisaHQ,Bilateral Deals and Trade,New Zealand
2026-06-30,India–Slovakia MoU on Labour Migration Signed During Modi's Historic Bratislava Visit,https://www.tribuneindia.com/news/world/india-slovakia-sign-mous-on-labour-migration-digital-technology/,India Specific|Destination Countries,India and Slovakia sign an MoU on labour migration during Modi's historic Bratislava visit.,positive,TRUE,Tribune India,Bilateral Deals and Trade,Slovakia
2026-06-30,US F/J Duration of Status Rule Clears OMB — 4-Year Student Visa Cap Near,https://monitor.icef.com/2026/05/us-moves-to-end-duration-of-status-for-f-j-and-i-visas-new-rule-could-limit-the-time-international-students-can-study-in-the-us/,Destination Countries,"US F/J Duration of Status rule clears OMB, nearing a 4-year student visa cap.",negative,TRUE,ICEF Monitor,Students and Education,United States
2026-06-30,US Court Strikes Down H-1B $100k Fee — But Stay Keeps It Active During Appeal,https://www.npr.org/2026/06/09/nx-s1-5851474/federal-judge-fee-h1b-visa,Destination Countries,A US court strikes down the H-1B $100k fee but a stay keeps it active during appeal.,neutral,TRUE,NPR,Visas and Work Permits,United States
2026-06-30,"Australia Opens 185,000 PR Spots for 2026-27; Employer-Sponsored Places Up 32%",https://www.y-axis.com/news/australia-opens-185000-pr-spots-2026-27-skilled-professionals/,Destination Countries,"Australia opens 185,000 PR spots for 2026-27, with employer-sponsored places up 32%.",positive,TRUE,Y-Axis,Visas and Work Permits,Australia
2026-06-30,"US Court Lifts USCIS Benefits Freeze — Green Cards, Work Permits Resume Processing",https://www.americanimmigrationcouncil.org/blog/green-card-news-uscis-memo/,Destination Countries,"A US court lifts the USCIS benefits freeze, resuming green card and work permit processing.",positive,TRUE,American Immigration Council,Visas and Work Permits,United States
2026-06-30,US Senate Passes $70 Billion Enforcement Package for ICE and Border Patrol,https://www.boundless.com/blog/boundless-weekly-immigration-news,Destination Countries,US Senate passes a $70 billion enforcement package for ICE and Border Patrol.,negative,TRUE,Boundless,Enforcement and Crisis,United States
2026-06-30,Australia Employer-Sponsored Visa Salary Thresholds Rise July 1,https://iasservices.org.uk/australia-announces-skilled-visa-salary-increases-and-opens-2026-work-and-holiday-visa-ballots/,Destination Countries,Australia's employer-sponsored visa salary thresholds rise July 1.,neutral,TRUE,IAS Services,Visas and Work Permits,Australia
2026-06-30,EU Single Permit Directive in Force: Equal Rights for Non-EU Workers Across All 27 States,https://eur-lex.europa.eu/EN/legal-content/summary/non-eu-workers-a-single-permit-for-residence-and-work-in-the-eu-2026.html,Destination Countries,"The EU Single Permit Directive enters force, mandating equal rights for non-EU workers across all 27 states.",positive,TRUE,EUR-Lex,Visas and Work Permits,European Union
2026-06-30,South Africa Anti-Migrant June 30 Deadline: Thousands Flee Ahead of Threats,https://www.france24.com/en/africa/20260629-thousands-foreign-nationals-leave-south-africa-ahead-june-30-deadline,Destination Countries,South Africa's anti-migrant June 30 deadline prompts thousands of foreign nationals to flee ahead of threats.,negative,TRUE,France 24,Enforcement and Crisis,South Africa
2026-07-01,Jaishankar: India Has 28 Mobility Agreements; Trusted Pathways Build Economies,https://aninews.in/news/world/asia/india-has-signed-28-migration-mobility-partnerships-trusted-pathways-can-contribute-to-stronger-economies-jaishankar20260701002436/,India Specific,"Jaishankar says India has 28 mobility agreements, with trusted pathways building economies.",positive,TRUE,ANI,Bilateral Deals and Trade,India
2026-07-01,India Hikes Passport Fees by Up to 75% from Today — First Revision in 14 Years,https://newsonair.gov.in/government-raises-passport-application-fees/,India Specific,"India hikes passport fees by up to 75%, the first revision in 14 years.",neutral,TRUE,All India Radio (News on AIR),Other,India
2026-07-01,"UAE: Alhind Takes Over Indian Consular Services Today, Replacing BLS and IVS",https://gulfnews.com/uae/al-hind-to-take-over-indian-passport-and-visa-services-in-uae-from-july-1-1.500580489,India Specific|Destination Countries,"Alhind takes over Indian consular services in the UAE today, replacing BLS and IVS.",neutral,TRUE,Gulf News,Remittances and Diaspora,UAE
2026-07-01,US Launches $750 B-1/B-2 Expedite Visa Fee Pilot from July 1,https://goimmigrationlaw.com/july-2026-visa-bulletin/,Destination Countries,US launches a $750 B-1/B-2 expedite visa fee pilot from July 1.,negative,TRUE,Go Immigration Law,Visas and Work Permits,United States
2026-07-01,South Africa Anti-Migrant Marches Continue July 1 After Deadline Passes Without Mass Violence,https://www.hngn.com/articles/271812/20260630/south-africas-disputed-migrant-deadline-passes-without-major-violence-tens-thousands-flee.htm,Destination Countries,South Africa anti-migrant marches continue July 1 after a deadline passes without mass violence.,neutral,TRUE,HNGN,Enforcement and Crisis,South Africa
2026-07-01,Philippines Upgrades Seafarer Employment Contracts Under Magna Carta Standards,https://www.manilatimes.net/2026/07/01/business/maritime/dmw-updates-seafarer-contracts-for-magna-carta/2375571,Competitor Countries,Philippines upgrades seafarer employment contracts under Magna Carta standards.,positive,TRUE,The Manila Times,Labour and Workers,Philippines
2026-07-02,India Launches e-OCI Card — Digital Identity for 50 Lakh Diaspora Indians,https://www.fragomen.com/insights/india-electronic-overseas-citizen-of-india-card-launch-to-reduce-administrative-hurdles-and-streamline-entry.html,India Specific,"India launches the e-OCI card, a digital identity for 50 lakh diaspora Indians.",positive,TRUE,Fragomen,Remittances and Diaspora,India
2026-07-02,"H-1B Chaos: 7,300 Indian Tech Workers Return Home in First Half of 2026",https://restofworld.org/2026/h1b-visa-impact-india-tech-hiring-faamng/,India Specific|Destination Countries,"7,300 Indian tech workers return home in H1 2026 amid H-1B chaos and the $100,000 fee.",negative,TRUE,Rest of World,Visas and Work Permits,United States
2026-07-02,UK Raises Skilled Worker Skill Bar to Degree Level from July 22,https://www.centuroglobal.com/articles/uk-immigration-2026-changes/,Destination Countries,UK raises the Skilled Worker visa skill bar to degree level from July 22.,negative,TRUE,Centuro Global,Visas and Work Permits,United Kingdom
2026-07-02,"South Korea Unveils 2026 Immigration Strategy: STEM, Technical, and Agriculture Visas Expanded",https://www.bal.com/immigration-news/south-korea-new-immigration-strategy-includes-expanded-eligibility-for-top-tier-visa-new-visas-for-technical-workers/,Destination Countries,"South Korea's 2026 Immigration Strategy expands STEM, technical and agriculture visas.",positive,TRUE,BAL,Skills and Talent,South Korea
2026-07-02,US Supreme Court Allows Trump to Terminate TPS for 1.3 Million Migrants,https://www.americanimmigrationcouncil.org/blog/supreme-court-immigration-ruling-tps-asylum-seekers/,Destination Countries,US Supreme Court allows Trump to terminate TPS for 1.3 million migrants.,negative,TRUE,American Immigration Council,Enforcement and Crisis,United States
2026-07-02,Japan Adds 7 New Manufacturing Categories to Specified Skilled Worker Evaluations,https://japan-visa.com/visas/specified-skills,Destination Countries,Japan adds 7 new manufacturing categories to Specified Skilled Worker evaluations.,neutral,TRUE,Japan-Visa,Visas and Work Permits,Japan
2026-07-02,Canada Expands Quebec Worker Open Work Permit for Skilled Applicants' Families,https://immigrationnewscanada.ca/new-canada-immigration-changes-july-2026/,Destination Countries,Canada expands the Quebec Skilled Worker open work permit to eligible applicants' families.,positive,TRUE,Immigration News Canada,Visas and Work Permits,Canada
2026-07-02,US Bill Proposes 3-Year H-1B Moratorium with $200K Salary Floor,https://americanbazaaronline.com/2026/04/06/proposed-100000-h-1b-fee-could-redirect-indian-tech-talent-abroad-478344/,Destination Countries,"A US bill proposes a 3-year H-1B moratorium with a $200,000 salary floor.",negative,TRUE,American Bazaar,Visas and Work Permits,United States
2026-07-02,Australia's July 1 Package: Subclass 407 Training Visa Also Updated,https://kpmg.com/xx/en/our-insights/gms-flash-alert/2026/flash-alert-2026-069.html,Destination Countries,Australia's July 1 immigration package also updates the Subclass 407 Training Visa.,neutral,TRUE,KPMG,Visas and Work Permits,Australia
2026-07-02,US Net International Migration Falls in 90% of Counties — Census Confirms Structural Decline,https://www.census.gov/library/stories/2026/03/net-international-migration.html,Destination Countries|Demographics & Fertility,"US net international migration falls in 90% of counties, confirming structural decline.",neutral,TRUE,US Census Bureau,Demographics and Workforce,United States
2026-07-03,Japan Exempts India from 400% Visa Fee Hike Effective July 1,https://www.travelandtourworld.com/news/article/r5mnwh09begk/,India Specific|Destination Countries,Japan exempts India from its 400% visa fee hike effective July 1.,positive,TRUE,Travel and Tour World,Visas and Work Permits,Japan
2026-07-03,Saudi Arabia Enforces 30% Saudisation for 46 Engineering Professions,https://www.spa.gov.sa/en/N2624646,Destination Countries,Saudi Arabia enforces a 30% Saudisation quota for 46 engineering professions.,negative,TRUE,Saudi Press Agency,Labour and Workers,Saudi Arabia
2026-07-03,Saudi Arabia Lifts Block Work Visa Quota Hold for India Post-Hajj,https://www.fragomen.com/insights/saudi-arabia-temporary-hold-on-block-work-visa-quotas-for-certain-nationalities.html,India Specific|Destination Countries,Saudi Arabia lifts its block work visa quota hold for India post-Hajj.,positive,TRUE,Fragomen,Visas and Work Permits,Saudi Arabia
2026-07-03,Australia Hikes Student Visa 25% and Temp Graduate 25% from July 1,https://monitor.icef.com/2026/07/surprise-hike-in-international-student-visa-application-fees-a-direct-hit-to-australias-competitiveness/,Destination Countries,Australia hikes Student Visa and Temporary Graduate visa fees 25% each from July 1.,negative,TRUE,ICEF Monitor,Students and Education,Australia
2026-07-03,India's Inaugural HR Mobility Forum Concludes with Five Country Sessions,https://newsonair.gov.in/india-concludes-two-day-human-resource-mobility-forum-in-new-delhi/,India Specific,India's inaugural HR Mobility Forum concludes with five country sessions.,positive,TRUE,All India Radio (News on AIR),Skills and Talent,India
2026-07-03,US Indian Student Enrollment Falls 6.9% as F-1 Visa Barriers Accumulate,https://www.visaverge.com/news/us-sees-69-fall-in-indian-student-numbers-as-visa-rules-tighten/,India Specific|Destination Countries,US Indian student enrollment falls 6.9% as F-1 visa barriers accumulate.,negative,TRUE,VisaVerge,Students and Education,United States
2026-07-03,Kenya–Italy Sign G2G Labour Migration MoU — Africa-Europe Corridor Deepens,https://www.the-star.co.ke/news/2026-07-02-kenya-italy-sign-migration-pact-to-expand-jobs,Destination Countries,"Kenya and Italy sign a government-to-government labour migration MoU, deepening the Africa-Europe corridor.",neutral,TRUE,The Star (Kenya),Bilateral Deals and Trade,Kenya|Italy
2026-07-03,EU Migration and Asylum Pact Now Fully Applicable Across All 27 Member States,https://www.hrw.org/news/2026/06/10/questions-and-answers-the-eu-pact-on-migration-and-asylum,Destination Countries,The EU Migration and Asylum Pact is now fully applicable across all 27 member states.,neutral,TRUE,Human Rights Watch,Enforcement and Crisis,European Union
2026-07-03,Germany: Skilled Immigrants Underused Despite Record Labour Shortages,https://www.newsworm.de/news/skilled-immigrants-underused-despite-germanys-labor-shortages,Destination Countries,Skilled immigrants in Germany remain underused despite record labour shortages.,neutral,TRUE,Newsworm,Skills and Talent,Germany
2026-07-03,"Canada Issues 4,000 Healthcare Express Entry ITAs — Indian Health Workers Well-Positioned",https://moving2canada.com/immigration/express-entry/express-entry-healthcare-draws/,India Specific|Destination Countries,"Canada issues 4,000 healthcare Express Entry ITAs, with Indian health workers well-positioned.",positive,TRUE,Moving2Canada,Skills and Talent,Canada
2026-07-05,New Zealand Plans India-Specific Immigration Tightening; MEA Pushes Back,https://www.business-standard.com/economy/news/india-focuses-on-skilled-mobility-as-nz-tightens-immigration-rules-mea-126070400058_1.html,India Specific|Destination Countries,"New Zealand plans India-specific immigration tightening, prompting pushback from India's MEA.",negative,TRUE,Business Standard,Visas and Work Permits,New Zealand
2026-07-05,"US July 2026 Visa Bulletin: EB-2 India Unavailable, EB-1 India Retrogresses",https://travel.state.gov/content/travel/en/legal/visa-law0/visa-bulletin/2026/visa-bulletin-for-july-2026.html,India Specific|Destination Countries,US July 2026 Visa Bulletin shows EB-2 India unavailable and EB-1 India retrogressing.,negative,TRUE,US State Department,Visas and Work Permits,United States
2026-07-05,UAE Strips UK Residency as Visa-on-Arrival Qualifier for Indian Passport Holders,https://www.business-standard.com/immigration/uae-changes-visa-rules-for-indians-who-can-still-get-visa-on-arrival-126070100476_1.html,India Specific|Destination Countries,UAE strips UK residency as a visa-on-arrival qualifier for Indian passport holders.,negative,TRUE,Business Standard,Visas and Work Permits,UAE
2026-07-05,"Modi Embarks on 3-Nation Indo-Pacific Tour July 6: Indonesia, Australia, New Zealand",https://www.tribuneindia.com/news/india/pm-modi-on-3-nation-trip-to-indonesia-australia-and-new-zealand-from-july-6/,India Specific|Destination Countries,"Modi embarks on a 3-nation Indo-Pacific tour covering Indonesia, Australia and New Zealand.",positive,TRUE,Tribune India,Bilateral Deals and Trade,Indonesia|Australia|New Zealand
2026-07-05,"Canada Slashes Temporary Resident Intake 43% to 385,000 in 2026; Indians Hit Hardest",https://www.chinapulse.com/data-news/2026/07/02/canada-immigration-changes-in-july-2026-what-it-means-for-indian-students-workers,India Specific|Destination Countries,"Canada slashes temporary resident intake 43% to 385,000 in 2026, hitting Indians hardest.",negative,TRUE,China Pulse,Visas and Work Permits,Canada
2026-07-05,India NRI Remittances Reach $73B in H1 2026; Advanced Economies Now Over Half,https://dailypioneer.com/news/nri-remittances-surge-in-india-whats-driving-the-2026-shift,India Specific,"India's NRI remittances reach $73B in H1 2026, with advanced economies now over half of inflows.",positive,TRUE,The Pioneer,Remittances and Diaspora,India
2026-07-05,Australia Enacts Law Granting New Power to Temporarily Restrict Visa Holder Arrivals,https://www.envoyglobal.com/news-alert/australia-enacts-new-law-allowing-temporary-restrictions-on-certain-visa-holder-arrivals/,Destination Countries,Australia enacts a law granting new power to temporarily restrict visa holder arrivals.,neutral,TRUE,Envoy Global,Visas and Work Permits,Australia
2026-07-10,US Department of Labor Launches First-Ever H-1B Visa Fraud Investigation; Dozens of Subpoenas Issued to Employers of Indian IT Workers,https://www.tribuneindia.com/,India Specific|Destination Countries,"US Department of Labor launches its first-ever H-1B visa fraud investigation, issuing subpoenas to employers of Indian IT workers.",negative,TRUE,Tribune India,Enforcement and Crisis,United States
2026-07-10,USCIS Rule Effective Today (July 10): Expanded Authority to Reject or Deny Immigration Applications Over Signature and Technical Deficiencies,https://www.boundless.com/blog/boundless-weekly-immigration-news,India Specific|Destination Countries,A USCIS rule effective July 10 expands authority to reject or deny immigration applications over signature deficiencies.,negative,TRUE,Boundless,Visas and Work Permits,United States
2026-07-10,"Stricter H-1B Rules Proposed for August: Third-Party Placement Crackdown, Higher Wage Thresholds, New Fees — Indian IT Staffing Model in Crosshairs",https://thefederal.com/category/business/h1-b-student-visa-news-rules-from-august-249556,India Specific|Destination Countries,"Stricter H-1B rules proposed for August target third-party placement, with higher wage thresholds and new fees.",negative,TRUE,The Federal,Visas and Work Permits,United States
2026-07-10,"PM Modi at Third India-Australia Annual Summit with PM Albanese in Melbourne; Trade, Technology and People-to-People Mobility Outcomes Awaited",https://stratnewsglobal.com/general/indonesia-australia-new-zealand-modi-embarks-on-key-3-nations-tour/,India Specific|Destination Countries,"PM Modi attends the Third India-Australia Annual Summit with PM Albanese in Melbourne, with mobility outcomes awaited.",positive,TRUE,StratNews Global,Bilateral Deals and Trade,Australia
2026-07-10,PM Modi Begins Historic Auckland Visit — First Indian PM in New Zealand in 40 Years; Immigration Standoff and FTA Mobility Provisions in Focus,https://www.indianweekender.co.nz/news/pm-modi-to-begin-three-nation-visit-to-indonesia-new-zealand-australia-from-july-6,India Specific|Destination Countries,"PM Modi begins a historic Auckland visit, the first by an Indian PM to New Zealand in 40 years.",positive,TRUE,Indian Weekender,Bilateral Deals and Trade,New Zealand
2026-07-10,"UK Immigration and Asylum Bill 2026 Introduced: New Appeals Authority, Single 'Protection Status' Replacing Refugee/HP Categories, Modern Slavery Reforms; Second Reading 13 July",https://bills.parliament.uk/bills/4254,Destination Countries,"The UK Immigration and Asylum Bill 2026 is introduced, creating a new Appeals Authority and single 'Protection Status'.",neutral,TRUE,UK Parliament,Enforcement and Crisis,United Kingdom
2026-07-10,UK Opens Second and Final 2026 Youth Mobility Scheme Ballot for Hong Kong SAR and Taiwan Youth (14–16 July); 200 Places Remaining,https://www.fragomen.com/insights/united-kingdom-hong-kong-sar-chinese-and-taiwan-youth-mobility-scheme-second-ballot-to-open-july-14-2026.html,Destination Countries,UK opens its second and final 2026 Youth Mobility Scheme ballot for Hong Kong SAR and Taiwan youth.,neutral,TRUE,Fragomen,Visas and Work Permits,United Kingdom
2026-07-11,"India-Australia Summit Concludes with 18 Outcomes: Mining Skills Centre of Excellence in Bhubaneswar (MoU with TAFE Western Australia), MATES Pathway, University Campuses in India, Nuclear Cooperation Operationalised",https://ibgnews.com/,India Specific|Destination Countries,The India-Australia Summit concludes with 18 outcomes including a Mining Skills Centre of Excellence and the MATES Pathway.,positive,TRUE,IBG News,Bilateral Deals and Trade,Australia
2026-07-11,"India-New Zealand Ties Elevated to Strategic Partnership; FTA's 5,000 Temporary Employment Entry Visas for Indians Confirmed; NZ Skilled Migrant Category Changes for August Announced",https://www.business-standard.com/,India Specific|Destination Countries,"India-New Zealand ties are elevated to a Strategic Partnership, confirming 5,000 temporary employment entry visas for Indians.",positive,TRUE,Business Standard,Bilateral Deals and Trade,New Zealand
2026-07-11,"July 2026 US Visa Bulletin: EB-2 India Unavailable for Remainder of FY2026, EB-1 India Retrogresses Two Months, EB-5 Unreserved India Also Cut Off",https://travel.state.gov/content/travel/en/legal/visa-law0/visa-bulletin/2026/visa-bulletin-for-july-2026.html,India Specific|Destination Countries,"July 2026 US Visa Bulletin shows EB-2 India unavailable for the rest of FY2026, with EB-1 and EB-5 also cut off.",negative,TRUE,US State Department,Visas and Work Permits,United States
2026-07-11,"UK Statement of Changes to Immigration Rules HC 259 (9 July 2026): Graduate Route, Family Migration and Deportation Framework Updated; Takes Effect 30 July & 3 August",https://www.gov.uk/government/publications/statement-of-changes-to-the-immigration-rules-hc-259-9-july-2026,Destination Countries,"UK's Statement of Changes to Immigration Rules HC 259 updates the Graduate Route, family migration and deportation framework.",neutral,TRUE,GOV.UK,Visas and Work Permits,United Kingdom
2026-07-11,New Zealand Announces Further Skilled Migrant Category Changes Effective 24 August 2026: New Skilled Work Experience Pathway and Trades & Technician Route; Reduced NZ Experience Requirement,https://www.immigration.govt.nz/about-us/news-centre/further-changes-to-the-skilled-migrant-category-to-come-into-effect-in-august-2026/,Destination Countries,"New Zealand announces further Skilled Migrant Category changes effective 24 August 2026, adding new pathways.",positive,TRUE,Immigration New Zealand,Skills and Talent,New Zealand
2026-07-11,India Focused on Skilled Mobility as New Zealand Tightens General Immigration Rules; MEA Stresses 'Mobility Not Migration' Framing in India-NZ FTA Engagement,https://www.business-standard.com/economy/news/india-focuses-on-skilled-mobility-as-nz-tightens-immigration-rules-mea-126070400058_1.html,India Specific|Destination Countries,"India focuses on skilled mobility as New Zealand tightens general immigration rules, with MEA stressing 'mobility not migration'.",neutral,TRUE,Business Standard,Bilateral Deals and Trade,New Zealand
2026-07-11,US Companies to Lose Thousands of Migrant Workers as TPS Work Permits Expire for Seven Countries from 17–24 July 2026,https://www.newsweek.com/us-companies-to-lose-thousands-of-migrant-workers-within-weeks-12184479,Destination Countries,US companies stand to lose thousands of migrant workers as TPS work permits expire for seven countries.,negative,TRUE,Newsweek,Enforcement and Crisis,United States
2026-07-13,"India Has Signed 28 Migration-Mobility Partnerships; Trusted Pathways Contribute to Stronger Economies, Says Jaishankar",https://www.tribuneindia.com/news/world/india-has-signed-28-migration-mobility-partnerships-trusted-pathways-can-contribute-to-stronger-economies-jaishankar/,India Specific,"India has signed 28 migration-mobility partnerships, with trusted pathways contributing to stronger economies, says Jaishankar.",positive,TRUE,Tribune India,Bilateral Deals and Trade,India
2026-07-13,"UK Westminster Hall Debates 720,772-Signature Petition on Offshore Detention and Deportation of Illegal Migrants",https://committees.parliament.uk/committee/326/petitions-committee/news/214746/mps-will-debate-a-petition-relating-to-offshore-detention-and-deportation-of-illegal-migrants/,Destination Countries,"UK Westminster Hall debates a 720,772-signature petition on offshore detention and deportation of illegal migrants.",negative,TRUE,UK Parliament,Enforcement and Crisis,United Kingdom
2026-07-13,UK Immigration and Asylum Bill 2026: Second Reading in House of Commons,https://commonslibrary.parliament.uk/research-briefings/cbp-10940/,Destination Countries,The UK Immigration and Asylum Bill 2026 has its second reading in the House of Commons.,neutral,TRUE,House of Commons Library,Enforcement and Crisis,United Kingdom
2026-07-13,"South Africa Says 53,449 Migrants Returned or Deported in Five-Week Crackdown",https://www.bloomberg.com/news/articles/2026-07-12/south-africa-says-53-449-migrants-returned-or-deported-in-crackdown,Destination Countries,"South Africa says 53,449 migrants were returned or deported in a five-week crackdown.",negative,TRUE,Bloomberg,Enforcement and Crisis,South Africa
2026-07-13,South Africa Government Considers Scaling Back Illegal Migration Crackdown,https://www.businessday.co.za/news/2026-07-12-government-considers-scaling-back-illegal-migration-crackdown,Destination Countries,South Africa's government considers scaling back its illegal migration crackdown.,neutral,TRUE,Business Day (SA),Enforcement and Crisis,South Africa
2026-07-13,"US: TPS Employment Authorisation Again Extended Briefly for Seven Countries — Haiti Through 24 July, Others Through 17 July",https://www.fragomen.com/insights/united-states-tps-employment-authorization-again-extended-briefly-for-several-countries.html,Destination Countries,US TPS employment authorisation is again briefly extended for seven countries.,neutral,TRUE,Fragomen,Enforcement and Crisis,United States
2026-07-13,Australia and Fiji Sign Vuvale Union; New Workforce Mobility Pathways and Vuvale Skills Hub Established,https://thediplomat.com/2026/07/from-partnership-to-union-australia-and-fiji-sign-2-new-security-agreements/,Destination Countries,"Australia and Fiji sign the Vuvale Union, establishing new workforce mobility pathways and a Vuvale Skills Hub.",positive,TRUE,The Diplomat,Bilateral Deals and Trade,Australia|Fiji
2026-07-14,New Ten-Year ILR Rule Resets Clocks For Skilled Workers,https://dazzlingdawn.com/2026/07/13/new-ten-year-ilr-rule-resets-clocks-for-skilled-workers,India Specific|Destination Countries,A new ten-year ILR rule resets clocks for skilled workers in the UK.,negative,TRUE,Dazzling Dawn,Visas and Work Permits,United Kingdom
2026-07-14,OFW Repatriation Efforts Continue Amid Middle East Tensions — DMW,https://globalnation.inquirer.net/330742/ofw-repatriation-efforts-continue-amid-middle-east-tensions-dmw,Destination Countries|Competitor Countries,"OFW repatriation efforts continue amid Middle East tensions, per DMW.",neutral,TRUE,Philippine Daily Inquirer,Enforcement and Crisis,Philippines|Gulf Region
2026-07-15,ICE Shootings in Maine and Houston Spark Outcry; Agency Suspends Vehicle Stops,https://www.cnn.com/2026/07/14/us/live-news/ice-shootings-maine-houston,Destination Countries,"ICE shootings in Maine and Houston spark outcry, prompting the agency to suspend vehicle stops.",negative,TRUE,CNN,Enforcement and Crisis,United States
2026-07-15,17 Mexicans Whose ICE-Related Deaths Prompted Mexico to Demand Accountability,https://www.cnn.com/2026/07/14/americas/mexicans-deaths-ice-custody-operations-latam-intl,Destination Countries,"17 Mexicans died in ICE-related incidents, prompting Mexico to demand accountability.",negative,TRUE,CNN,Enforcement and Crisis,United States|Mexico
2026-07-15,Nine Deaths Tied to Trump's Immigration Enforcement Operations in US,https://www.aljazeera.com/news/2026/7/13/nine-deaths-tied-to-trumps-immigration-enforcement-operations-in-us,Destination Countries,Nine deaths are tied to Trump's immigration enforcement operations in the US.,negative,TRUE,Al Jazeera,Enforcement and Crisis,United States
2026-07-16,UK-India Free Trade Agreement Officially Enters into Force — 15 July 2026,https://www.gov.uk/,India Specific|Destination Countries,The UK-India Free Trade Agreement officially enters into force on 15 July 2026.,positive,TRUE,GOV.UK,Bilateral Deals and Trade,United Kingdom
2026-07-16,Inside India: Modi Is Exporting India's Workforce to a World Turning Against Immigration,https://www.cnbc.com/2026/07/15/modi-export-india-workforce-anti-immigration.html,India Specific,Modi is exporting India's workforce to a world turning against immigration via new bilateral deals.,neutral,TRUE,CNBC,Labour and Workers,India
2026-07-16,South Korea – Immigration Reforms Expand Top-Tier Visa Access and Streamline Employment Visas,https://kpmg.com/xx/en/our-insights/gms-flash-alert/2026/flash-alert-2026-080.html,Destination Countries,South Korea's immigration reforms expand top-tier visa access and streamline employment visas.,positive,TRUE,KPMG,Skills and Talent,South Korea
2026-07-16,India Prioritises Skilled Worker Mobility Amid New Zealand Immigration Debate,https://www.indiandefensenews.in/2026/07/india-prioritises-skilled-worker.html,India Specific|Destination Countries,India prioritises skilled worker mobility amid New Zealand's immigration debate.,neutral,TRUE,Indian Defence News,Bilateral Deals and Trade,New Zealand
2026-07-16,Spain: Migrant Regularisation Could Ultimately Bring Three Million Newcomers to Country,https://brusselssignal.eu/2026/07/migrant-regularisation-could-ultimately-bring-three-million-newcomers-to-spain/,Destination Countries,Spain's migrant regularisation could ultimately bring three million newcomers to the country.,neutral,TRUE,Brussels Signal,Visas and Work Permits,Spain|European Union
2026-07-16,China Intensifies Detention and Deportation of Undocumented Myanmar Workers in Yunnan Province,https://www.business-humanrights.org/en/latest-news/china-undocumented-myanmar-workers-face-detention-abuse-and-deportation/,Destination Countries,China intensifies detention and deportation of undocumented Myanmar workers in Yunnan Province.,negative,TRUE,Business & Human Rights Resource Centre,Enforcement and Crisis,China|Myanmar
2026-07-16,H-1B Visa Analysis Shows How Much Indian Workers Earn in US,https://www.newsweek.com/h1b-visa-analysis-how-much-indian-workers-earn-us-12094581,India Specific|Destination Countries,An H-1B visa analysis shows how much Indian workers earn in the US.,negative,TRUE,Newsweek,Labour and Workers,United States
2026-07-17,"India, Israel Sign 16 MoUs; PM Modi and PM Netanyahu Announce Special Strategic Partnership — Includes 3 Labour Mobility Protocols Enabling Regulated Recruitment of Indian Workers in Commerce, Manufacturing & Restaurants",https://ddnews.gov.in/,India Specific|Destination Countries,India and Israel sign 16 MoUs including 3 labour mobility protocols enabling regulated recruitment of Indian workers.,positive,TRUE,DD News,Bilateral Deals and Trade,Israel
2026-07-17,India and Brazil Agree to Enhance Cooperation on Digital Labour Platforms and Skills,https://thenewsmill.com/2026/07/india-and-brazil-agree-to-enhance-cooperation-on-digital-labour-platforms-and-skills/,India Specific,India and Brazil agree to enhance cooperation on digital labour platforms and skills.,positive,TRUE,The News Mill,Bilateral Deals and Trade,Brazil
2026-07-17,"India World's Top Receiver of Remittances from Workers Overseas — $137.7B in 2024, First Country to Cross $100B Threshold",https://www.thehawk.in/news/world/india-worlds-top-receiver-of-remittances-from-workers-overseas,India Specific,"India is the world's top receiver of remittances at $137.7B in 2024, the first country to cross the $100B threshold.",positive,TRUE,The Hawk,Remittances and Diaspora,India
2026-07-17,Europe Emerges as Major Destination for Nepali Workers as Gulf Uncertainties Grow,https://kathmandupost.com/national/2026/07/16/europe-emerges-as-major-destination-for-nepali-workers-as-gulf-uncertainties-grow,Destination Countries|Competitor Countries,Europe emerges as a major destination for Nepali workers as Gulf uncertainties grow.,neutral,TRUE,The Kathmandu Post,Labour and Workers,Nepal|European Union
2026-07-17,"Over 10,000 OFWs Repatriated from Middle East Conflict Zones as of July — DMW",https://www.gmanetwork.com/news/pinoyabroad/dispatch/994668/over-10-000-ofws-repatriated-as-of-july-amid-middle-east-tensions-dmw/story/,Destination Countries|Competitor Countries,"Over 10,000 OFWs repatriated from Middle East conflict zones as of July, per DMW.",neutral,TRUE,GMA News,Enforcement and Crisis,Philippines|Gulf Region
2026-07-17,"Romania Launches WorkinRomania.gov.ro — New Unified Digital Work Permit System for Foreign Workers, Live 8 Aug 2026",https://www.romania-insider.com/new-workinromania-platform-july-2026,Destination Countries,"Romania launches WorkinRomania.gov.ro, a new unified digital work permit system for foreign workers, live 8 August 2026.",neutral,TRUE,Romania Insider,Visas and Work Permits,Romania
2026-07-17,Trump Deportation Push Falters After Fatal ICE Encounters,https://www.washingtonpost.com/politics/2026/07/15/trump-deportation-push-falters-after-fatal-ice-encounters/,Destination Countries,Trump's deportation push falters after fatal ICE encounters.,neutral,TRUE,The Washington Post,Enforcement and Crisis,United States
2026-07-17,Green Card Update: Visas Paused as US Hits EB-5 Cap for Indians,https://www.newsweek.com/green-card-update-visas-paused-as-us-hits-eb-5-cap-for-indians-12073942,India Specific|Destination Countries,"US hits the EB-5 cap for Indians, pausing visa issuance.",negative,TRUE,Newsweek,Visas and Work Permits,United States
2026-07-17,Canada: Aging Workforce Needs More Than Immigration,https://policyoptions.irpp.org/2026/07/canada-aging-workforce-immigration,Destination Countries|Demographics & Fertility,Canada's aging workforce needs more than immigration to address labour gaps.,neutral,TRUE,Policy Options,Demographics and Workforce,Canada
2026-07-17,Australia — New Skills in Demand Visa Salary Thresholds and Subclass 407 Changes Effective 1 July 2026,https://kpmg.com/xx/en/our-insights/gms-flash-alert/2026/flash-alert-2026-069.html,Destination Countries,Australia's new Skills in Demand visa salary thresholds and Subclass 407 changes take effect 1 July 2026.,neutral,TRUE,KPMG,Visas and Work Permits,Australia
2026-07-17,"Australia Announces 2026 Work and Holiday Visa Ballots; Germany, South Korea, Cyprus and Finland Newly Eligible for Subclass 417 from 1 July",https://iasservices.org.uk/australia-announces-skilled-visa-salary-increases-and-opens-2026-work-and-holiday-visa-ballots/,Destination Countries,"Australia announces 2026 Work and Holiday Visa ballots, adding Germany, South Korea, Cyprus and Finland to Subclass 417 eligibility.",positive,TRUE,IAS Services,Visas and Work Permits,Australia
2026-07-20,"Trump Administration Issues Final Rule Ending ""Duration of Status"" for F-1, J-1 Visa Holders — Fixed 4-Year Admission Cap Introduced, Effective 15 Sept 2026",https://www.dhs.gov/,Destination Countries,"Trump administration issues a final rule ending duration of status for F-1 and J-1 visa holders, introducing a fixed 4-year admission cap.",negative,TRUE,US DHS,Students and Education,United States
2026-07-20,"New USCIS Memo May Force More Green Card Applicants to Apply from Abroad, Causing Chaos and Confusion",https://www.americanimmigrationcouncil.org/blog/green-card-news-uscis-memo/,India Specific|Destination Countries,"A new USCIS memo may force more green card applicants to apply from abroad, causing chaos and confusion.",negative,TRUE,American Immigration Council,Visas and Work Permits,United States
2026-07-20,India to Begin Year-Long National Migration Survey from July 2026 — First Comprehensive Mobility Study Since 2007,https://www.civilsdaily.com/news/govt-to-begin-year-long-national-migration-survey-from-july-2026/,India Specific,"India begins a year-long National Migration Survey from July 2026, its first comprehensive mobility study since 2007.",neutral,TRUE,CivilsDaily,Other,India
2026-07-20,"India Has Signed 28 Migration-Mobility Partnerships, Trusted Pathways Can Contribute to Stronger Economies: Jaishankar",https://ddnews.gov.in/en/india-has-signed-28-migration-and-mobility-pacts-with-26-countries-eam-jaishankar-at-human-mobility-partnership-forum/,India Specific,"Jaishankar says India has signed 28 migration-mobility partnerships, with trusted pathways contributing to stronger economies.",positive,TRUE,DD News,Bilateral Deals and Trade,India
2026-07-20,Canada Proposes Asylum System Reforms — Public Feedback Period Closes 20 July 2026,https://www.spscanada.com/canada-immigration-updates-for-july-2026/,Destination Countries,"Canada proposes asylum system reforms, with the public feedback period closing 20 July 2026.",neutral,TRUE,SPS Canada,Enforcement and Crisis,Canada
2026-07-20,British Columbia Opens New Immigration Pathways for Rural Healthcare Workers — 250 Nominations Available Through 31 August,https://www.barbicanimmigration.ca/post/british-columbia-opens-new-immigration-pathways-for-rural-healthcare-workers,Destination Countries,"British Columbia opens new immigration pathways for rural healthcare workers, with 250 nominations available through 31 August.",positive,TRUE,Barbican Immigration,Skills and Talent,Canada
2026-07-20,Canada: New Regulations Effective 15 July Strengthen Oversight of Licensed Immigration Consultants,https://www.magellanimmigration.com/blog/canada-immigration-changes-june-2026,Destination Countries,Canada's new regulations effective 15 July strengthen oversight of licensed immigration consultants.,neutral,TRUE,Magellan Immigration,Other,Canada
2026-07-20,Vietnam's Overseas Worker Outflows Decline in H1 2026 Amid Global Labour Market Slowdown,https://en.nhandan.vn/expanding-access-to-high-quality-employment-abroad-post164015.html,Competitor Countries,Vietnam's overseas worker outflows decline in H1 2026 amid a global labour market slowdown.,positive,TRUE,Nhan Dan,Labour and Workers,Vietnam
2026-07-20,Australia-EU Free Trade Agreement Includes Four-Year Professional Mobility Provisions; Mutual Professional Qualification Recognition,https://www.imidaily.com/asia-pacific/australia-eu-trade-deal-includes-four-year-professional-mobility-provisions/,India Specific|Destination Countries,The Australia-EU Free Trade Agreement includes four-year professional mobility provisions and mutual qualification recognition.,positive,TRUE,Investment Migration Insider,Bilateral Deals and Trade,Australia|European Union
2026-07-21,EU Talent Pool Regulation (2026/1047) Now in Effect — EU-Wide Digital Platform to Match Non-EU Jobseekers with Employers Across All Member States in Shortage Occupations,https://iuslaboris.com/insights/eu-talent-pool-regulation-new-framework-takes-effect-in-june-2026/,Destination Countries,"The EU Talent Pool Regulation is now in effect, launching an EU-wide digital platform matching non-EU jobseekers with employers in shortage occupations.",positive,TRUE,Ius Laboris,Skills and Talent,European Union
2026-07-21,"New Zealand Announces Final Changes to Skilled Migrant Category Resident Visa — Two New Pathways Added, Work Experience Requirement Reduced; Effective 24 August 2026",https://www.immigration.govt.nz/about-us/news-centre/further-changes-to-the-skilled-migrant-category-to-come-into-effect-in-august-2026,Destination Countries,"New Zealand announces final changes to the Skilled Migrant Category Resident Visa, adding two new pathways and reducing work experience requirements.",positive,TRUE,Immigration New Zealand,Skills and Talent,New Zealand
2026-07-21,USCIS Reaches FY 2027 H-1B Cap — No Second Lottery; Cap-Subject Window Closed Until March 2027,https://www.uscis.gov/newsroom/alerts/uscis-reaches-fiscal-year-2027-h-1b-cap,India Specific|Destination Countries,"USCIS reaches the FY2027 H-1B cap with no second lottery, closing the cap-subject window until March 2027.",negative,TRUE,USCIS,Visas and Work Permits,United States
2026-07-21,"South Korea Officially Launches Digital Nomad Workation Visa (F-1-D) — 3-Year Stay, Eased Income Requirements",https://www.businesstoday.in/nri/visa/story/south-korea-launches-digital-nomad-visa-3-year-stay-relaxed-income-requirements-heres-who-qualifies-542578-2026-07-13,Destination Countries,South Korea officially launches its Digital Nomad Workation Visa offering a 3-year stay with eased income requirements.,positive,TRUE,Business Today,Visas and Work Permits,South Korea
2026-07-21,"Japan Suspends New Specified Skilled Worker Certificates of Eligibility for Food Service Field — 50,000-Worker Cap Nearing",https://jobsinjapan.com/japan-faq/what-is-changing-in-japans-foreign-hiring-and-visa-rules-in-2026-and-why-it-matters/,Destination Countries,"Japan suspends new Specified Skilled Worker certificates for the food service field as the 50,000-worker cap nears.",negative,TRUE,Jobs in Japan,Visas and Work Permits,Japan
2026-07-21,NITI Aayog Flags Critical Skilling Gaps — India Risks Missing Labour Export Opportunity Despite Surging Global Demand,https://theprint.in/india/governance/india-isnt-ready-to-supplement-labour-shortages-abroad-niti-aayog-flags-critical-skilling-gaps/2937433/,India Specific,"NITI Aayog flags critical skilling gaps, warning India risks missing labour export opportunity despite surging global demand.",negative,TRUE,ThePrint,Skills and Talent,India
2026-07-21,"Indonesia Plans to Deploy 500,000 Workers Abroad in 2026 — Targeting Japan, South Korea and Middle East Corridors",https://businesshubasia.com/indonesia-workers-work-overseas-2026/,Competitor Countries,"Indonesia plans to deploy 500,000 workers abroad in 2026, targeting Japan, South Korea and Middle East corridors.",negative,TRUE,Business Hub Asia,Labour and Workers,Indonesia
2026-07-21,Trump Vows Changes to Immigration Crackdown to Protect Migrant Farmers and Hotel Workers Following Industry Pushback,https://www.aol.com/news/trump-vows-changes-immigration-crackdown-164033884.html,Destination Countries,Trump vows changes to the immigration crackdown to protect migrant farmers and hotel workers following industry pushback.,neutral,TRUE,AOL,Enforcement and Crisis,United States
2026-07-21,"Germany Faces Massive Skilled Worker Shortage in 2026 — 300,000 Foreign Workers Needed Annually; 163+ Shortage Occupations Listed",https://www.visasupdate.com/post/germany-skilled-worker-shortage-2026,Destination Countries|Demographics & Fertility,"Germany faces a massive skilled worker shortage in 2026, needing 300,000 foreign workers annually.",neutral,TRUE,VisasUpdate,Demographics and Workforce,Germany
2026-07-21,"US DHS Broadens Public Charge Rule — Medicaid, SNAP and Housing Aid to Count Against Green Card Applicants; Effective 18 September 2026",https://thebeatdfw.com/4538103/immigration-updates-july-2026-us-workers/,India Specific|Destination Countries,"US DHS broadens the public charge rule so Medicaid, SNAP and housing aid count against green card applicants.",negative,TRUE,The Beat DFW,Visas and Work Permits,United States
2026-07-22,"SCOTUS Rules TPS Terminations Are Final — Work Permits for 350,000 Haitian and Syrian Migrants in US Expire 24 July as Courts Prepare Implementing Orders",https://www.klaskolaw.com/scotus-rules-tps-terminations-are-final-an-employers-guide/,Destination Countries,"SCOTUS rules TPS terminations are final, with work permits for 350,000 Haitian and Syrian migrants expiring 24 July.",negative,TRUE,Klasko Immigration Law,Enforcement and Crisis,United States
2026-07-22,July 2026 U.S. Visa Bulletin: India EB-2 Green Card Goes Unavailable for Rest of FY 2026; EB-1 Retrogresses — No New Approvals for Indian Professionals Until October,https://newlandchase.com/july-2026-u-s-state-department-visa-bulletin-india-eb-2-becomes-unavailable-as-visa-number-pressure-continues/,India Specific|Destination Countries,July 2026 US Visa Bulletin shows India EB-2 unavailable for the rest of FY2026 and EB-1 retrogressing.,negative,TRUE,Newland Chase,Visas and Work Permits,United States
2026-07-22,"UK Immigration Update July 2026 — HC 259 Amends 42 Sections of Immigration Rules; Work, Study, Family Visa and Deportation Powers Reshaped; Effective 30 July and 3 August 2026",https://www.clydeco.com/en/insights/2026/07/uk-immigration-update-july-2026,Destination Countries,"UK Immigration Update HC 259 amends 42 sections of immigration rules across work, study, family visa and deportation powers.",neutral,TRUE,Clyde & Co,Visas and Work Permits,United Kingdom
2026-07-22,"South Korea Launches K-STAR Visa Track for STEM Experts — Fast-Track Permanent Residency in 3 Years, Open to Global Researchers and Technology Professionals",https://newlandchase.com/south-korea-launches-k-star-visa-track-for-stem-experts/,Destination Countries,South Korea launches the K-STAR visa track offering fast-track permanent residency in 3 years for STEM experts.,positive,TRUE,Newland Chase,Skills and Talent,South Korea
2026-07-22,"Global Labour Shortages 2026: Japan, Germany, Spain, Greece, South Korea and Italy Turning to Mass Immigration and Regularization to Fill Millions of Vacant Jobs",https://www.visasupdate.com/post/global-labor-shortages-2026-immigration-regularization,Destination Countries|Demographics & Fertility,"Global labour shortages in 2026 push Japan, Germany, Spain, Greece, South Korea and Italy toward mass immigration and regularization.",neutral,TRUE,VisasUpdate,Demographics and Workforce,Japan|Germany|Spain|Greece|South Korea|Italy
2026-07-22,"South Korea Unveils 2026 Immigration Strategy — 191,000 Worker Quota Set, New Top-Tier STEM Visa Tracks and Regional Worker Pathways Introduced",https://www.visasupdate.com/post/south-korea-2026-immigration-strategy-new-visa-rules,Destination Countries,"South Korea unveils its 2026 Immigration Strategy, setting a 191,000 worker quota and new STEM visa tracks.",positive,TRUE,VisasUpdate,Skills and Talent,South Korea
2026-07-22,Australia Finalises Essential Skills Pathway — Permanent Visa Structure for Aged Care and Labour Agreement Sectors Locked In for 2026,https://labourbooking.com/insights/australia-labour-corridors-work-visa.html,Destination Countries,"Australia finalises the Essential Skills Pathway, locking in a permanent visa structure for aged care and labour agreement sectors.",positive,TRUE,LabourBooking,Skills and Talent,Australia
2026-07-22,"Spain's Mass Regularization Scheme: What 500,000 Work Permits Mean for Migrant Mobility Across the EU",https://www.infomigrants.net/en/post/71133/spains-migrant-regularization-scheme-what-it-means-for-mobility-across-the-eu,Destination Countries,"Spain's mass regularization scheme grants 500,000 work permits, reshaping migrant mobility across the EU.",neutral,TRUE,InfoMigrants,Visas and Work Permits,Spain|European Union
2026-07-22,"Portugal, Spain, Greece, Italy and Malta Overhaul Digital Nomad Visas in 2026 to Attract Long-Term Remote Workers Across the Schengen Area",https://www.travelandtourworld.com/news/article/portugal-joins-spain-greece-italy-and-malta-overhaul-digital-nomad-visas-and-passport-rules-in-2026-to-attract-long-term-remote-workers-across-the-schengen-area/,Destination Countries,"Portugal, Spain, Greece, Italy and Malta overhaul digital nomad visas in 2026 to attract long-term remote workers.",positive,TRUE,Travel and Tour World,Visas and Work Permits,Portugal|Spain|Greece|Italy|Malta
2026-07-23,"UK's India Young Professionals Scheme Final 2026 Ballot Opens July 21 — 3,000 Places for 2-Year Work, Study and Travel Visa; Ballot Closes Today",https://www.business-standard.com/immigration/uk-s-india-young-professionals-scheme-ballot-opens-on-july-21-how-it-works-126071600444_1.html,India Specific|Destination Countries,"UK's India Young Professionals Scheme final 2026 ballot opens for 3,000 places on a 2-year work, study and travel visa.",positive,TRUE,Business Standard,Visas and Work Permits,United Kingdom
2026-07-23,"Planning to Move to Japan? Residence Permit Fees to Rise from Oct 1 — Renewals Up to ¥75,000; Permanent Residency Jumps 20x to ¥200,000",https://www.business-standard.com/immigration/planning-to-move-to-japan-residence-permit-fees-to-rise-from-oct-1-126072200592_1.html,Destination Countries,"Japan's residence permit fees rise sharply from October 1, with permanent residency fees jumping 20x.",negative,TRUE,Business Standard,Visas and Work Permits,Japan
2026-07-23,US Judge Blocks Trump Administration from Stripping Immigrants of Work Permits — Injunction Covers Asylum Seekers and TPS Holders; Ruling Expected by Aug 5,https://www.aljazeera.com/news/2026/7/21/us-judge-blocks-trump-bid-to-strip-work-permits-from-immigrants,Destination Countries,"A US judge blocks the Trump administration from stripping immigrants of work permits, covering asylum seekers and TPS holders.",neutral,TRUE,Al Jazeera,Visas and Work Permits,United States
2026-07-24,"PH, Canada Sign First-Ever Federal-Level Bilateral Labor Agreement — Bans Recruitment Fees, Pledges Credential Recognition for Filipino Workers",https://globalnation.inquirer.net/330404/ph-canada-sign-first-federal-level-bilateral-labor-agreement-dmw,India Specific|Destination Countries,Philippines and Canada sign a first-ever federal-level bilateral labor agreement banning recruitment fees for Filipino workers.,positive,TRUE,Philippine Daily Inquirer,Bilateral Deals and Trade,Philippines|Canada
2026-07-24,"Canada Sets Record for Deporting Indian Nationals — Indians Account for 32.5% of All Q1 2026 Removals, Largest Single Country Group",https://www.visaverge.com/canada/canada-border-services-agency-removes-record-numbers-of-indians-as-largest-deportee-group/,India Specific|Destination Countries,"Canada sets a record for deporting Indian nationals, who accounted for 32.5% of all Q1 2026 removals.",negative,TRUE,VisaVerge,Enforcement and Crisis,Canada
2026-07-24,Sweden Proposes Work Permits Decoupled from Employer — No Reapplication Needed to Change Jobs; 6-Month Job-Search Safety Net for Laid-Off Workers; Effective Feb 2027,https://www.regeringen.se/pressmeddelanden/2026/07/regeringen-vill-forenkla-processen-for-arbetskraftsinvandrare/,Destination Countries,"Sweden proposes decoupling work permits from employers, adding a 6-month job-search safety net for laid-off workers.",positive,TRUE,Swedish Government,Visas and Work Permits,Sweden
2026-07-24,New Zealand Expands Pathway Student Visa from 20 July — Secondary Students No Longer Required to Name Tertiary Course; Level 1–4 Qualifications and up to 30 Weeks English Study Now Eligible,https://www.immigration.govt.nz/visas/pathway-student-visa/,Destination Countries,"New Zealand expands its Pathway Student Visa from 20 July, easing requirements for secondary students.",positive,TRUE,Immigration New Zealand,Students and Education,New Zealand
2026-07-24,"ICE Nears 600,000 Deportations Since Trump Took Office — Agency Averaging 1,250 Formal Removals per Day Over Past Three Months",https://www.washingtontimes.com/news/2026/jul/23/ice-nears-600000-deportations-since-trump-took-office/,Destination Countries,"ICE nears 600,000 deportations since Trump took office, averaging 1,250 formal removals per day.",negative,TRUE,The Washington Times,Enforcement and Crisis,United States
2026-07-24,Romania Publishes Methodology for New Shortage Occupations List — Framework Identifies Roles Open to Foreign Recruitment Where EU/Romanian Workforce Is Unavailable; List Updated Every Six Months,https://www.crownworldmobility.com/insights/immigration-weekly-update-july-23-2026/,Destination Countries,Romania publishes its methodology for a new shortage occupations list identifying roles open to foreign recruitment.,neutral,TRUE,Crown World Mobility,Visas and Work Permits,Romania
2026-07-24,Hungary: Permanent Residence Cards for EEA Family Members Lose Validity by 3 August 2026 — Holders of 2016–2021 Cards Must Apply for New Status Before Deadline,https://oif.gov.hu/news/information-for-holders-of-permanent-residence-cards-issued-between-august-3-2016-and-august-2-2021,Destination Countries,Hungary's permanent residence cards for EEA family members issued 2016-2021 lose validity by 3 August 2026.,neutral,TRUE,Hungary OIF,Visas and Work Permits,Hungary
2026-07-24,Australia Travel Declaration (ATD) Pilot to Expand to Perth and Adelaide — Digital System Gradually Replacing Paper Incoming Passenger Card Across All International Airports,https://www.crownworldmobility.com/insights/immigration-weekly-update-july-23-2026/,Destination Countries,Australia's Travel Declaration pilot expands to Perth and Adelaide as the digital system replaces paper passenger cards.,neutral,TRUE,Crown World Mobility,Visas and Work Permits,Australia
2026-07-27,Canada Shuts Door to Sponsoring Parents & Grandparents Indefinitely — IRCC Pauses New PGP Applications Until Further Notice; Indian Families Disproportionately Affected,https://www.cicnews.com/2026/07/canada-shuts-door-to-sponsoring-parents-and-grandparents-for-permanent-residence-0778003.html,India Specific|Destination Countries,"Canada indefinitely pauses new Parents and Grandparents Program applications, disproportionately affecting Indian families.",negative,TRUE,CIC News,Visas and Work Permits,Canada
2026-07-27,"US DHS Finalises Rule Ending ""Duration of Status"" for F-1, J-1 and I Visa Holders — Fixed 4-Year Admission Cap Replaces Open-Ended Stay; Extensions to Require USCIS Approval from 15 September",https://ogletree.com/insights-resources/blog-posts/dhs-publishes-final-rule-replacing-duration-of-status-with-fixed-admission-periods-for-f-j-and-i-nonimmigrants/,India Specific|Destination Countries,"US DHS finalises a rule ending duration of status for F-1, J-1 and I visa holders, replacing it with a fixed 4-year admission cap.",negative,TRUE,Ogletree Deakins,Students and Education,United States
2026-07-27,US Signals Major October Green Card Reset for India — EB-2 May Reopen for Priority Dates Before Jul 2014; EB-5 Unreserved Could Resume for Pre-May 2022 Cases from 1 October,https://www.travelandtourworld.com/news/article/9g3r4rq443go/,India Specific|Destination Countries,"US signals a major October green card reset for India, with EB-2 potentially reopening for priority dates before July 2014.",positive,TRUE,Travel and Tour World,Visas and Work Permits,United States
2026-07-27,"US Federal Appeals Court Temporarily Blocks TPS Termination for 300,000 Haitians Through 27 July — Work Permits and Deportation Protections Preserved While Litigation Continues",https://www.boundless.com/blog/boundless-weekly-immigration-news,Destination Countries,"A US federal appeals court temporarily blocks TPS termination for 300,000 Haitians through 27 July, preserving work permits during litigation.",neutral,TRUE,Boundless,Enforcement and Crisis,United States
2026-07-27,"Modi Is Exporting India's Workforce to a World Turning Against Immigration — New Bilateral Deals with Russia, Israel, Finland and EU Redirect Indian Labour as US Tightens",https://www.cnbc.com/2026/07/15/modi-export-india-workforce-anti-immigration.html,India Specific,"Modi redirects India's workforce via new bilateral deals with Russia, Israel, Finland and the EU as the US tightens immigration.",positive,TRUE,CNBC,Labour and Workers,India
2026-07-27,"Philippines Repatriates 10,580+ OFWs from Conflict-Affected Middle East Areas — Numbers Declining from April–May Peak but Repatriation Remains Government Priority",https://www.gmanetwork.com/news/pinoyabroad/dispatch/994668/over-10-000-ofws-repatriated-as-of-july-amid-middle-east-tensions-dmw/story/,Destination Countries|Competitor Countries,"Philippines repatriates over 10,580 OFWs from conflict-affected Middle East areas, with numbers declining from the April-May peak.",neutral,TRUE,GMA News,Enforcement and Crisis,Philippines|Gulf Region
2026-07-27,"South Africa Deports or Repatriates 53,449 Migrants in Crackdown — Government Pledges to Speed Up Removals; Vigilante Groups Warned Against Illegal Searches",https://www.bloomberg.com/news/articles/2026-07-12/south-africa-says-53-449-migrants-returned-or-deported-in-crackdown,Destination Countries,"South Africa deports or repatriates 53,449 migrants in a crackdown, pledging to speed up removals.",negative,TRUE,Bloomberg,Enforcement and Crisis,South Africa
2026-07-29,"India–UK CETA in Force from 15 July — 20,000 Service Supplier Visas/Year for Indian Professionals; Double Contribution Convention Exempts 3-Year Assignees from Dual Social Security",https://www.business-standard.com/economy/news/india-uk-ceta-comprehensive-economic-and-trade-agreement-import-duty-tariffs-cut-july-15-exports-126071300485_1.html,India Specific|Destination Countries,"India-UK CETA enters force from 15 July, offering 20,000 service supplier visas/year for Indian professionals and exempting 3-year assignees from dual social security.",positive,TRUE,Business Standard,Bilateral Deals and Trade,United Kingdom
2026-07-29,India and Brazil Sign Labour and Digital Skills Pact at BRICS,https://thenewsmill.com/2026/07/india-and-brazil-agree-to-enhance-cooperation-on-digital-labour-platforms-and-skills/,India Specific,India and Brazil sign a labour and digital skills cooperation pact at BRICS.,positive,TRUE,The News Mill,Bilateral Deals and Trade,Brazil
2026-07-29,New USCIS Memo May Force More Green Card Applicants to Apply from Abroad — Indians in Long Employment Queues Face Consular Processing Risk,https://www.americanimmigrationcouncil.org/blog/green-card-news-uscis-memo/,India Specific|Destination Countries,"A new USCIS memo may force more green card applicants to apply from abroad, raising consular processing risk for Indians in long employment queues.",negative,TRUE,American Immigration Council,Visas and Work Permits,United States
2026-07-29,US DHS Rescinds 2022 Biden Public Charge Rule — Stricter Standard Restored; Broader Denial Risk for Immigrants,https://www.constangy.com/employment-labor-insider/six-in-26-immigration-developments-that-employers-and-international-travelers-need-to-address-now,Destination Countries,"US DHS rescinds the 2022 Biden public charge rule, restoring a stricter standard and broader denial risk for immigrants.",negative,TRUE,Constangy,Visas and Work Permits,United States
2026-07-29,"UK Immigration Rules HC 259 Takes Effect 30 July — Graduate Route, Family Migration, Asylum and Criminality Framework All Amended",https://www.gov.uk/government/publications/statement-of-changes-to-the-immigration-rules-hc-259-9-july-2026,Destination Countries,"UK Immigration Rules HC 259 takes effect 30 July, amending the Graduate Route, family migration, asylum and criminality framework.",neutral,TRUE,GOV.UK,Visas and Work Permits,United Kingdom
2026-07-29,"August 2026 US Visa Bulletin — Family Preferences Advance Sharply (F1 +5.5 Months, F2B +7 Months); India EB-2 Remains Unavailable Through September",https://www.boundless.com/blog/boundless-weekly-immigration-news,India Specific|Destination Countries,"August 2026 US Visa Bulletin advances family preferences sharply, though India EB-2 remains unavailable through September.",neutral,TRUE,Boundless,Visas and Work Permits,United States
2026-07-29,South Korea Extends Digital Nomad Visa (F-1-D) to 3 Years — Foreign Remote Workers Employed Abroad 1+ Year Now Eligible for Longer Stay,https://kpmg.com/xx/en/our-insights/gms-flash-alert/2026/flash-alert-2026-080.html,Destination Countries,South Korea extends its Digital Nomad Visa (F-1-D) to 3 years for foreign remote workers.,positive,TRUE,KPMG,Visas and Work Permits,South Korea
2026-07-29,"Australia Finalises Essential Skills Pathway — Aged Care and Labour Agreement Sectors Get Permanent Route; Specialist Skills Salary Threshold Rises to AUD $146,717",https://kpmg.com/xx/en/our-insights/gms-flash-alert/2026/flash-alert-2026-181.html,Destination Countries,"Australia finalises the Essential Skills Pathway, giving aged care and labour agreement sectors a permanent route while raising the Specialist Skills salary threshold.",positive,TRUE,KPMG,Skills and Talent,Australia
2026-07-29,Romania Launches WorkinRomania.gov.ro Digital Immigration Portal 8 August — Two New Visa Categories Replace Traditional Work Permit Structure,https://www.travelandtourworld.com/news/article/izdevtcy01mr/,Destination Countries,"Romania launches its WorkinRomania.gov.ro digital immigration portal on 8 August, replacing the traditional work permit structure with two new visa categories.",neutral,TRUE,Travel and Tour World,Visas and Work Permits,Romania
2026-07-29,"Japan Raises Visa Issuance Fees Substantially from 1 July — All Categories Affected Including Work, Study and Business",https://www.crownworldmobility.com/insights/immigration-weekly-update-july-16-2026-2/,Destination Countries,"Japan raises visa issuance fees substantially from 1 July across work, study and business categories.",negative,TRUE,Crown World Mobility,Visas and Work Permits,Japan
2026-07-29,"Poland Revises Migrant Integration Policy — Selective, Controlled Framework; Ukrainians Lead at 67%, Indian Workers a Growing Cohort",https://home-affairs.ec.europa.eu/news/poland-sees-new-research-and-changes-policies-migrant-integration-2026-07-10_en,India Specific|Destination Countries,"Poland revises its migrant integration policy toward a selective, controlled framework, with Indian workers a growing cohort.",neutral,TRUE,European Commission,Visas and Work Permits,Poland
2026-07-31,Indian Workers in UAE Navigate Job Risks as US-Israel War on Iran Intensifies — One in Four UAE Employers Plans Job Cuts in Q3,https://www.thenewsminute.com/news/indian-workers-in-uae-navigate-job-risks-as-us-israel-war-on-iran-intensifies,India Specific|Destination Countries,One in four UAE employers plans job cuts in Q3 as Indian workers navigate job risks amid intensifying US-Israel war on Iran.,negative,TRUE,The News Minute,Enforcement and Crisis,UAE
2026-07-31,"Iran War Sends Shockwaves Through Gulf Migration — Indian and Asian Migrants Face Layoffs, Salary Cuts up to 50%",https://inkstickmedia.com/gulf-migration/,India Specific|Destination Countries,Indian and Asian migrants face layoffs and salary cuts up to 50% as the Iran war sends shockwaves through Gulf migration.,negative,TRUE,Inkstick,Enforcement and Crisis,Gulf Region
2026-07-31,"Over 10,000 OFWs Repatriated from Middle East amid Conflict Tensions — Philippines DMW Says Pace Declining But Efforts Ongoing",https://www.gmanetwork.com/news/pinoyabroad/dispatch/994668/over-10-000-ofws-repatriated-as-of-july-amid-middle-east-tensions-dmw/story/,Destination Countries|Competitor Countries,"Over 10,000 OFWs repatriated from the Middle East amid conflict tensions; DMW says the pace is declining but efforts are ongoing.",negative,TRUE,GMA News,Enforcement and Crisis,Philippines|Gulf Region
2026-07-31,India's MoSPI Launches National Migration Survey 2026 — Year-Long Study (Jul 2026–Jun 2027) to Generate Updated Internal Mobility Data,https://www.sanskritiias.com/current-affairs/national-migration-survey-2026-mapping-internal-mobility-in-india,India Specific,India's MoSPI launches a year-long National Migration Survey 2026 to generate updated internal mobility data.,neutral,TRUE,Sanskriti IAS,Other,India
2026-07-31,"IOM India & IDC Chandigarh Release PRAYAS Report, Hold Stakeholder Consultation on Safe International Migration Trends",https://www.babushahi.com/full-news.php?id=224154,India Specific,IOM India and IDC Chandigarh release the PRAYAS report and hold a stakeholder consultation on safe international migration trends.,neutral,TRUE,Babushahi,Labour and Workers,India
2026-07-31,Philippines DMW Eyes Stronger Safeguards for OFWs Bound for Uzbekistan as Demand for Foreign Teachers Grows,https://businessmirror.com.ph/2026/07/29/dmw-eyes-stronger-safeguards-for-ofws-bound-for-uzbekistan/,Destination Countries|Competitor Countries,Philippines DMW eyes stronger safeguards for OFWs bound for Uzbekistan as demand for foreign teachers grows.,neutral,TRUE,BusinessMirror,Labour and Workers,Philippines|Uzbekistan
2026-09-03,Indian student mobility set to reshuffle by 2030,<https://monitor.icef.com/2026/09/the-outlook-for-indian-student-mobility-through-2030/>,India Specific,"A new outlook projects the UK overtaking the US and Canada as the top destination for Indian students by 2030, with Germany and wider Europe the fastest-growing options.",neutral,TRUE,ICEF Monitor,Students and Education,India
2026-09-03,Australia 2026 enrolments to fall; India hit by visa refusals,<https://monitor.icef.com/2026/09/australia-decline-in-international-higher-education-commencements-projected-for-2026/>,Destination Countries,"ICEF projects a 4% drop in Australian higher-ed commencements in 2026 with visa rejections concentrated among Indian, Nepali and Bangladeshi applicants.",negative,TRUE,ICEF Monitor,Students and Education,Australia
2026-09-03,UK eases Skilled Worker and student visa rules,<https://www.gov.uk/government/publications/statement-of-changes-to-the-immigration-rules-hc-584-3-september-2026/statement-of-changes-to-the-immigration-rules-hc-584-3-september-2026-accessible>,Destination Countries,HC 584 lets trafficking-victim skilled workers change employers and expands Erasmus+ study options for Indian workers and students in Britain.,neutral,TRUE,GOV.UK,Visas and Work Permits,United Kingdom
2026-09-04,"Canada invites 3,500 healthcare workers via Express Entry",<https://www.canada.ca/en/immigration-refugees-citizenship/services/immigrate-canada/express-entry/submit-profile/rounds-invitations.html>,Destination Countries,A category-based Express Entry draw for healthcare occupations at CRS 475 keeps a key PR pathway open for Indian nurses and physicians.,positive,TRUE,IRCC,Skills and Talent,Canada
2026-09-05,IDP to consolidate 15 India student placement offices,<https://thepienews.com/idp-to-consolidate-15-india-student-placement-locations/>,India Specific,"IDP is merging 15 India counselling offices and cutting ~200 roles, signalling that tighter visa regimes in Australia, Canada, the UK and US are shrinking India's outbound student pipeline.",negative,TRUE,The PIE News,Students and Education,India
2026-09-07,"US proposes extra $103,265 fee on H-1B visas",<https://www.businesstoday.in/nri/visa/story/will-the-us-increase-h-1b-visa-fee-to-usd-200000-heres-what-we-know-553693-2026-09-07>,India Specific,"A proposed DHS fee stacked on the existing $100,000 charge could push total H-1B costs past $203,000, hitting India's IT workforce hardest.",negative,TRUE,Business Today,Visas and Work Permits,United States
2026-09-07,Germany struggles to attract foreign skilled workers,<https://www.thelocal.de/20260907/can-germany-still-attract-foreign-workers-as-skilled-labour-shortages-spike>,Destination Countries,Deepening labour shortages amid falling immigration and political headwinds signal both opportunity and uncertainty for Indian professionals.,neutral,TRUE,The Local Germany,Skills and Talent,Germany
2026-09-07,US moves to strip work rights from H-1B spouses (H-4 EAD),<https://worldvisaacademy.com/blog/global-visa-immigration-updates-september-7-2026>,India Specific|Destination Countries,"DHS proposed scrapping the H-4 EAD program whose ~228,000 approved beneficiaries are mostly Indian women, risking income and status for thousands of Indian families.",negative,TRUE,World Visa Academy,Visas and Work Permits,United States
2026-09-08,US judge signals possible halt to student visa time-limit rule,<https://thepienews.com/judge-signals-possible-halt-to-us-student-visa-duration-rule/>,Destination Countries,"A federal judge hinted he may pause the rule replacing duration of status with a four-year cap, a potential reprieve for Indian students who would otherwise face repeated extension filings.",positive,TRUE,The PIE News,Students and Education,United States
2026-09-09,Japan weighs aviation category for foreign worker scheme,<https://www.japantimes.co.jp/news/2026/09/09/japan/foreign-worker-category-aviation/>,Destination Countries,"Japan's immigration agency is considering an aviation category under its Specified Skilled Worker programme, a possible new skilled route for Indian aviation technicians though initial plans reallocate ~300 existing workers rather than expand intake.",neutral,TRUE,The Japan Times,Visas and Work Permits,Japan
2026-09-09,Filipina care workers seen sustaining ageing Asia-Pacific,<https://businessmirror.com.ph/2026/09/09/filipina-care-workers-seen-sustaining-aging-asia-pacific/>,Competitor Countries,"Analysts see Filipino care workers increasingly filling Asia-Pacific's ageing-society labour gap, showing the Philippines consolidating a care-economy export niche India is still trying to scale.",neutral,TRUE,BusinessMirror,Labour and Workers,Philippines
2026-09-10,Australia cancels entire course for first time over visa misuse,<https://monitor.icef.com/2026/09/for-the-first-time-the-australian-government-has-exercised-its-powers-to-cancel-an-entire-course/>,Destination Countries,"Australia used new powers for the first time to cancel an entire course over visa misuse, blocking new enrolments across 452 providers and signalling tighter scrutiny of the Indian VET pipeline.",negative,TRUE,ICEF Monitor,Students and Education,Australia
2026-09-10,"South Korea imposes quality controls on universities, agents",<https://monitor.icef.com/2026/09/korean-government-introduces-new-quality-controls-for-universities-and-agents/>,Destination Countries,"South Korea introduced mandatory conduct standards for universities and recruitment agents from October, tightening quality controls that raise the bar for all foreign-student recruitment.",neutral,TRUE,ICEF Monitor,Students and Education,South Korea
2026-09-10,Netherlands: international students contribute far more than they cost,<https://monitor.icef.com/2026/09/netherlands-government-commissioned-research-finds-that-international-students-contribute-much-more-than-the-public-cost-of-hosting-them/>,Destination Countries,"Dutch government research found international students contribute far more in lifetime taxes than they cost, strengthening the case for the Netherlands as an open destination.",positive,TRUE,ICEF Monitor,Students and Education,Netherlands
2026-09-15,UPDATE: US student visa duration-of-status rule blocked,<https://thepienews.com/temporary-win-for-sector-taking-on-duration-of-status-in-court/>,Destination Countries,"A federal judge granted an injunction stopping the rule that would cap study visas at four years from taking effect Sept 15, sparing Indian students from repeated extension filings.",positive,TRUE,The PIE News,Students and Education,United States
2026-09-15,US colleges slash internships as CPT rules tighten,<https://thepienews.com/us-colleges-restrict-internships-as-cpt-rules-tighten/>,Destination Countries,"US universities are curtailing CPT placements after DHS warnings, cutting internship income and work experience for international students including the large Indian F-1 cohort.",negative,TRUE,The PIE News,Students and Education,United States
2026-09-15,South Korean workers challenge Trump over Georgia raid,<https://us.cnn.com/2026/09/15/us/hyundai-plant-ice-raid-workers-file-claim-hnk-dst>,Destination Countries,"Over 300 South Korean workers detained in a Hyundai-plant immigration raid are filing legal claims against the Trump administration, signalling a hardening US enforcement climate for foreign workers.",neutral,TRUE,CNN,Enforcement and Crisis,United States|South Korea
2026-09-15,London mayor launches welcome drive for foreign students,<https://thepienews.com/london-mayor-teams-up-with-unis-to-welcome-international-students/>,Destination Countries,"London's mayor launched a citywide welcome campaign for international students, a warmer signal for Indians weighing the UK against tightening rivals.",positive,TRUE,The PIE News,Students and Education,United Kingdom
2026-09-15,Malaysia detains 472 undocumented workers in KL raid,<https://kathmandupost.com/national/2026/09/15/472-undocumented-workers-including-nepalis-detained-in-kuala-lumpur-raids>,Competitor Countries,"Malaysia detained 472 undocumented migrants including Indians, Nepalis and Bangladeshis in a Kuala Lumpur sweep, underscoring enforcement risks for South Asian workers.",negative,TRUE,Kathmandu Post,Enforcement and Crisis,Malaysia
2026-09-15,"New Zealand student demand rebounds, India a key market",<https://thepienews.com/new-zealands-rebound-signals-shift-in-student-demand/>,Destination Countries,"New Zealand's international education earnings hit NZ$4.98 billion with India among its top two source markets, offering an alternative to tighter destinations.",positive,FALSE,The PIE News,Students and Education,New Zealand
2026-09-15,"USCIS mandates new I-539, I-765 forms, no grace period",<https://www.uscis.gov/newsroom/alerts/uscis-to-publish-new-editions-of-form-i-539-and-form-i-765-older-editions-will-be-rejected-starting>,Destination Countries,"From Sept 15 USCIS rejects older editions of Forms I-539 and I-765 with no grace period, a filing trap for Indian F-1/OPT and H-4 applicants who submit the wrong version.",neutral,TRUE,USCIS,Visas and Work Permits,United States
2026-09-15,EAIE: Europe sharpens focus on talent retention,<https://thepienews.com/eaie-national-strategies-sharpen-focus-on-talent-but-autonomy-stays-non-negotiable/>,Destination Countries,"European talent strategies presented at EAIE sharpened focus on attracting and retaining skilled graduates, with Germany's stay-back push and the UK's export goal relevant to Indians weighing Europe.",neutral,TRUE,The PIE News,Students and Education,European Union
2026-09-16,New international grad students double in Canada,<https://thepienews.com/number-of-new-international-grad-students-soars-in-canada/>,Destination Countries,"Canada issued 6,455 new graduate study permits in Q2 2026, more than double a year earlier, with India cited among top source markets, a bright spot for Indian postgraduate aspirants as other destinations tighten.",positive,TRUE,The PIE News,Students and Education,Canada
2026-09-16,US schools top QS MBA ranking; India 4th by count,<https://thepienews.com/us-institutions-dominate-global-mba-rankings/>,Destination Countries,"US business schools swept the top four of the QS Global MBA 2027 rankings while India placed fourth for representation with 28 institutions, though QS flags European programmes as better value.",neutral,TRUE,The PIE News,Students and Education,United States
2026-09-18,US labour watchdog escalates H-1B fraud crackdown,<https://www.hindustantimes.com/world-news/us-news/us-visa-not-license-to-cheat-trump-administration-targets-fake-jobs-and-sham-employers-amid-immigration-crackdown-101789693031322.html>,India Specific|Destination Countries,"US Department of Labor Inspector General warned that a visa is not a license to cheat, widening nationwide probes into fake jobs, sham employers and wage kickbacks across H-1B and PERM programmes that heavily feature Indian workers.",negative,TRUE,Hindustan Times,Enforcement and Crisis,United States
2026-09-18,Indian migrant first charged under UK advert law,<https://timesofindia.indiatimes.com/nri/other-news/indian-migrant-becomes-first-person-in-uk-charged-with-advertising-illegal-immigration-services-online/articleshow/134321003.cms>,India Specific|Destination Countries,"An Indian national in the West Midlands became the first person charged under the UK Border Security, Asylum and Immigration Act 2025 for advertising illegal visa and asylum services online.",negative,TRUE,Times of India,Enforcement and Crisis,United Kingdom
2026-09-18,Australia bars family visas for international students,<https://www.businesstoday.in/nri/study/story/australia-to-restrict-family-visas-for-international-students-what-indian-applicants-need-to-know-556207-2026-09-18>,India Specific|Destination Countries,"Australia will generally stop international students bringing spouses and children on student visas as it cuts net migration, forcing Indian applicants to study alone or look elsewhere.",negative,TRUE,Business Today,Students and Education,Australia
2026-09-18,US public charge rule tightens green card scrutiny,<https://www.newsweek.com/three-major-visa-updates-take-place-this-week-12438022>,Destination Countries,"A stricter USCIS public charge rule takes effect September 18, giving officers broad discretion to deny green cards over likely public-benefit use, adding risk for Indians adjusting to permanent residence.",negative,TRUE,Newsweek,Visas and Work Permits,United States
2026-09-17,"India's fertility rate falls to 1.9, below replacement",<https://www.business-standard.com/india-news/india-tfr-fertility-birth-rate-incentive-population-control-planning-eac-pm-126091700918_1.html>,India Specific|Demographics & Fertility,"India's Economic Advisory Council to the PM reported the national Total Fertility Rate has dropped to 1.9, below the 2.1 replacement level, urging an end to sterilisation incentives.",neutral,TRUE,Business Standard,Demographics and Workforce,India
2026-09-19,US extends $100k H-1B fee through September 2027,https://timesofindia.indiatimes.com/technology/tech-news/h1-b-visa-price-hike-gets-extension-till-september-2027-how-this-will-impact-indian-engineers-technicians-and-others-who-want-to-work-in-the-us/articleshow/134350549.cms,India Specific|Destination Countries,"Trump signed a proclamation extending the $100,000 employer fee on new H-1B petitions through September 21, 2027, alongside tighter scrutiny of employers who lay off American workers, hitting India's engineers and IT firms hardest.",negative,TRUE,Times of India,Visas and Work Permits,United States
2026-09-18,"Andhra Pradesh sends 53 trained workers to Germany, Dubai",https://www.thehindu.com/news/national/andhra-pradesh/53-youths-from-andhra-pradesh-land-jobs-in-germany-and-dubai/article71481123.ece,India Specific,"Andhra Pradesh's skill agencies placed 44 nurses in Germany with government-backed language training and 9 drivers in Dubai, a model of state-led structured labour export India is trying to scale.",positive,TRUE,The Hindu,Skills and Talent,Germany|UAE
2026-09-20,India's Dubai consulate opens free legal camp for expats,https://gulfnews.com/uae/indian-expats-in-uae-to-get-free-legal-advice-indian-consulate-in-dubai-announces-legal-counselling-camp-1.500681473,India Specific,The Consulate General of India in Dubai announced a free legal counselling camp to help Indian workers with labour and civil disputes while warning against fraudulent visa-regularisation scams in the UAE.,positive,TRUE,Gulf News,Remittances and Diaspora,UAE
2026-09-19,"Indian diaspora group backs H-1B scrutiny, warns on innovation",https://m.economictimes.com/nri/work/h-1b-visa-indian-diaspora-group-backs-trumps-scrutiny-warns-against-hurting-us-innovation/articleshow/134348366.cms,India Specific,The Foundation for India and Indian Diaspora Studies backed tighter oversight to curb H-1B abuse but urged Washington to protect merit-based pathways for specialised talent.,neutral,TRUE,The Economic Times,Visas and Work Permits,United States
2026-09-19,US court blocks fast third-country deportations,https://www.aljazeera.com/news/2026/9/19/us-court-blocks-trump-plan-to-deport-migrants-to-third-countries,Destination Countries,A US federal appeals court ruled the government cannot rapidly deport migrants to third countries without a meaningful chance to raise safety and persecution concerns.,positive,TRUE,Al Jazeera,Enforcement and Crisis,United States
2026-09-18,Australia to reopen detention centres for visa overstayers,https://www.theguardian.com/australia-news/2026/sep/18/labors-plans-for-visa-overstayer-detention-centres-a-donald-trump-twist-on-australian-immigration-ntwnfb,Destination Countries,"Canberra will reopen dedicated detention facilities and deploy 100 extra compliance officers to target an estimated 77,000 visa overstayers, sharpening enforcement risk for migrants who fall out of status.",negative,TRUE,The Guardian,Enforcement and Crisis,Australia
2026-09-20,Canada language giant ILAC collapses amid student visa caps,https://thepienews.com/breaking-ilac-education-group-in-canada-files-for-bankruptcy/,Destination Countries,"Major private language and vocational provider ILAC Education Group filed for bankruptcy after federal student caps and post-graduate work-permit curbs, a warning sign for Indian students eyeing Canada.",negative,TRUE,The PIE News,Students and Education,Canada
2026-09-19,US warns migrants against paying for faster visas,https://www.hindustantimes.com/world-news/us-news/us-warns-immigrants-dont-pay-anyone-who-guarantees-a-faster-green-card-visa-or-work-permit-101789802993241.html,India Specific|Destination Countries,"USCIS issued a public alert warning applicants against operators promising expedited Green Cards, H-1B visas or work permits for a fee, relevant to India's large pool of US applicants.",negative,FALSE,Hindustan Times,Enforcement and Crisis,United States
2026-09-18,White House withdraws its ICE director nominee,https://www.thehindu.com/news/international/trump-withdraws-lance-schroyer-a-former-oklahoma-state-trooper-as-his-nominee-to-lead-ice/article71480610.ece,Destination Countries,"The White House pulled its nomination of Lance Schroyer to lead ICE amid scrutiny of enforcement operations and recruitment, adding uncertainty to the US deportation drive.",neutral,FALSE,The Hindu,Enforcement and Crisis,United States
2026-09-19,Philippines lets foreign staff work while permits pend,https://kpmg.com/xx/en/our-insights/gms-flash-alert/2026/flash-alert-2026-238.html,Competitor Countries,"The Philippine Economic Zone Authority now lets foreign employees process work visas on filing receipts while permit applications are pending, easing entry as the Philippines sharpens competitiveness against India.",positive,FALSE,KPMG,Visas and Work Permits,Philippines
2026-09-19,Study: UK sets highest salary bar for net-contributor migrants,https://www.ft.com/content/124c1cf0-4885-495c-a907-a5217d589f9d,Demographics & Fertility|Destination Countries,"A Stanford working paper found UK foreign workers must reach the 55th income percentile to be net fiscal contributors, versus 45th in France and 28th in Germany.",neutral,FALSE,Financial Times,Demographics and Workforce,United Kingdom|France|Germany
2026-09-21,Australia warns of rapid ageing as migration slows,https://www.straitstimes.com/asia/australia-warns-of-risks-from-ageing-population-falling-birth-rates,Demographics & Fertility|Destination Countries,"Australia's Intergenerational Report warned deaths will outpace births by the 2060s as net overseas migration falls, urging targeted skilled immigration — a demand signal for source countries like India.",neutral,FALSE,The Straits Times,Demographics and Workforce,Australia
2026-09-21,"UPDATE: India-New Zealand FTA ratified, effective October 20",https://www.newsdrum.in/business/a-vijay-for-both-nations-india-nz-fta-to-take-effect-oct-20-12558983,India Specific|Destination Countries,"India and New Zealand confirmed their FTA enters into force on 20 October 2026, with New Zealand opening 118 services sectors and new mobility pathways for Indian students and skilled professionals.",positive,TRUE,NewsDrum,Bilateral Deals and Trade,New Zealand
2026-09-21,Maharashtra unveils global workforce mobility policy,https://english.punjabkesari.com/india/country-specific-skill-passports-updated-training-and-ethical-recruitment-maharashtra-announces-global-workforce-mobility-policy-2026,India Specific,"Maharashtra launched a Global Workforce Mobility Policy with country-specific skill passports, aligned training and ethical-recruitment safeguards to tap an estimated 170 million global jobs by 2030.",positive,TRUE,IANS,Skills and Talent,India
2026-09-22,Japan expands joint inspections on illegal foreign labour,https://www.japantimes.co.jp/news/2026/09/22/japan/crime-legal/japan-illegal-foreign-labor-countermeasures/,Destination Countries,Japan's Immigration Services Agency will run joint site inspections with the construction and agriculture ministries from October under its zero-illegal-immigrants drive.,negative,TRUE,The Japan Times,Enforcement and Crisis,Japan
2026-09-21,Italy moves to cap foreign students in classrooms,https://www.aa.com.tr/en/europe/italy-moves-to-cap-foreign-students-with-limited-italian-skills-in-classrooms/4063181,Destination Countries,PM Meloni announced a planned decree capping non-EU students with weak Italian per classroom and requiring language courses for foreign parents.,negative,TRUE,Anadolu Agency,Students and Education,Italy
2026-09-21,Canada trims Global Talent Stream fast-track partners by 29%,https://www.cicnews.com/2026/09/canada-trims-list-of-partners-providing-access-to-fast-track-hiring-under-global-talent-stream-of-tfwp-0980494.html,Destination Countries,"Canada cut its Global Talent Stream Category A referral list from 58 to 41 organisations, narrowing a fast-track hiring route used by Indian tech and specialised workers.",negative,TRUE,CIC News,Skills and Talent,Canada
2026-09-21,UK 'almost nowhere left to grow' on foreign students,https://thepienews.com/uk-has-almost-nowhere-left-to-grow-international-recruitment-modelling-finds/,Destination Countries,"Public First modelling warns the UK already over-recruits Indian students relative to what is sustainable, with Indian demand down 12% and projected to keep falling.",negative,TRUE,The PIE News,Students and Education,United Kingdom
2026-09-21,"US expands social media vetting to TN, TD and media visas",https://corporateimmigrationpartners.com/us-immigration-news-update-september-21-2026/,Destination Countries,"The US will extend social-media screening to TN, TD and I visa applicants from October 1, 2026, categories that carry few Indian nationals.",negative,FALSE,Corporate Immigration Partners,Visas and Work Permits,United States
2026-09-21,UK makes multi-factor login mandatory for visa sponsors,https://www.fragomen.com/insights/united-kingdom-mandatory-multi-factor-authentication-rolls-out-for-sponsor-licence-users.html,Destination Countries,The UK Home Office made multi-factor authentication mandatory across its Sponsorship Management System and will retire Level 2 user accounts by March 2027.,neutral,FALSE,Fragomen,Visas and Work Permits,United Kingdom
2026-09-21,Macau puts record-low birth rate atop 2027 agenda,https://macaudailytimes.com/low-birth-rate-aging-population-top-2027-agenda-as-o-lam-consults-associations.html,Demographics & Fertility,Macau opened consultations on birth incentives and elderly care to confront a 38-year-low birth rate and rapid ageing.,neutral,FALSE,Macau Daily Times,Demographics and Workforce,Macau
2026-09-22,India warns nationals off Malaysia visa-free job hunting,<https://timesofindia.indiatimes.com/world/rest-of-world/india-warns-tourists-in-malaysia-dont-fall-for-fake-job-promises-under-30-day-visa-free-entry/articleshow/134410005.cms,%22India|https://timesofindia.indiatimes.com/world/rest-of-world/india-warns-tourists-in-malaysia-dont-fall-for-fake-job-promises-under-30-day-visa-free-entry/articleshow/134410005.cms,India> Specific,"The High Commission of India in Kuala Lumpur warned Indian nationals against using Malaysia's 30-day visa-free tourist entry to seek jobs, citing fake-job scams, deportations and legal risk.",negative,true,Times of India,Enforcement and Crisis
2026-09-22,"UWA opens India campus, targets up to 200 students",<https://thepienews.com/uwa-eyes-up-to-200-students-as-india-campus-expansion-faces-first-test/,%22India|https://thepienews.com/uwa-eyes-up-to-200-students-as-india-campus-expansion-faces-first-test/,India> Specific|Destination Countries,"The University of Western Australia, the first Group of Eight institution to teach in India, opened Mumbai and Chennai campuses targeting 100-200 students with HCLTech and L&amp;T internship tie-ups and a local-to-Perth pathway.",positive,true,The PIE News,Students and Education
2026-09-22,IDP rejects $494m Blackstone takeover bid,<https://thepienews.com/breaking-idp-rejects-494m-private-equity-takeover-bid/,%22Destination|https://thepienews.com/breaking-idp-rejects-494m-private-equity-takeover-bid/,Destination> Countries,IDP Education rejected a $494m Blackstone buyout as its India operations shrink; a 9% revenue decline and consolidation of 15 India offices signal weakening Indian outbound student demand amid tighter destination visa regimes.,neutral,true,The PIE News,Students and Education
2026-09-22,"Hong Kong's Northern Metropolis to add university, innovation space",<https://thepienews.com/hong-kongs-northern-metropolis-to-create-new-space-for-universities-and-innovation/,%22Destination|https://thepienews.com/hong-kongs-northern-metropolis-to-create-new-space-for-universities-and-innovation/,Destination> Countries,"Hong Kong's Northern Metropolis plan will create new campus and innovation space to expand higher education and attract international talent, a nascent alternative destination as Indian students diversify beyond the big four.",neutral,false,The PIE News,Students and Education
2026-09-22,"EC English, ILAC closures expose Canada ELT sector fragility",<https://thepienews.com/ec-english-and-ilac-closures-tell-an-uncomfortable-truth-about-canadas-elt-sector/,%22Destination|https://thepienews.com/ec-english-and-ilac-closures-tell-an-uncomfortable-truth-about-canadas-elt-sector/,Destination> Countries,"Analysis of back-to-back closures of major language providers EC English and ILAC warns of structural instability in Canada's ELT sector after federal student caps, a caution for Indian students eyeing Canadian language and pathway programs.",negative,false,The PIE News,Students and Education
2026-09-21,"UPDATE: India-New Zealand FTA ratified, effective October 20",<https://www.newsdrum.in/business/a-vijay-for-both-nations-india-nz-fta-to-take-effect-oct-20-12558983>,India Specific|Destination Countries,"India and New Zealand confirmed their FTA enters into force on 20 October 2026, with New Zealand opening 118 services sectors and new mobility pathways for Indian students and skilled professionals.",positive,true,NewsDrum,,
2026-09-21,Maharashtra unveils global workforce mobility policy,<https://english.punjabkesari.com/india/country-specific-skill-passports-updated-training-and-ethical-recruitment-maharashtra-announces-global-workforce-mobility-policy-2026>,India Specific,"Maharashtra launched a Global Workforce Mobility Policy with country-specific skill passports, aligned training and ethical-recruitment safeguards to tap an estimated 170 million global jobs by 2030.",positive,true,IANS,,
2026-09-22,Japan expands joint inspections on illegal foreign labour,<https://www.japantimes.co.jp/news/2026/09/22/japan/crime-legal/japan-illegal-foreign-labor-countermeasures/>,Destination Countries,Japan's Immigration Services Agency will run joint site inspections with the construction and agriculture ministries from October under its zero-illegal-immigrants drive.,negative,true,The Japan Times,,
2026-09-21,Italy moves to cap foreign students in classrooms,<https://www.aa.com.tr/en/europe/italy-moves-to-cap-foreign-students-with-limited-italian-skills-in-classrooms/4063181>,Destination Countries,PM Meloni announced a planned decree capping non-EU students with weak Italian per classroom and requiring language courses for foreign parents.,negative,true,Anadolu Agency,,
2026-09-21,Canada trims Global Talent Stream fast-track partners by 29%,<https://www.cicnews.com/2026/09/canada-trims-list-of-partners-providing-access-to-fast-track-hiring-under-global-talent-stream-of-tfwp-0980494.html>,Destination Countries,"Canada cut its Global Talent Stream Category A referral list from 58 to 41 organisations, narrowing a fast-track hiring route used by Indian tech and specialised workers.",negative,true,CIC News,,
2026-09-21,UK 'almost nowhere left to grow' on foreign students,<https://thepienews.com/uk-has-almost-nowhere-left-to-grow-international-recruitment-modelling-finds/>,Destination Countries,"Public First modelling warns the UK already over-recruits Indian students relative to what is sustainable, with Indian demand down 12% and projected to keep falling.",negative,true,The PIE News,,
2026-09-21,"US expands social media vetting to TN, TD and media visas",<https://corporateimmigrationpartners.com/us-immigration-news-update-september-21-2026/>,Destination Countries,"The US will extend social-media screening to TN, TD and I visa applicants from October 1, 2026, categories that carry few Indian nationals.",negative,false,Corporate Immigration Partners,,
2026-09-21,UK makes multi-factor login mandatory for visa sponsors,<https://www.fragomen.com/insights/united-kingdom-mandatory-multi-factor-authentication-rolls-out-for-sponsor-licence-users.html>,Destination Countries,The UK Home Office made multi-factor authentication mandatory across its Sponsorship Management System and will retire Level 2 user accounts by March 2027.,neutral,false,Fragomen,,
2026-09-21,Macau puts record-low birth rate atop 2027 agenda,<https://macaudailytimes.com/low-birth-rate-aging-population-top-2027-agenda-as-o-lam-consults-associations.html>,Demographics &amp; Fertility,Macau opened consultations on birth incentives and elderly care to confront a 38-year-low birth rate and rapid ageing.,neutral,false,Macau Daily Times,,
2026-09-19,US extends $100k H-1B fee through September 2027,<https://timesofindia.indiatimes.com/technology/tech-news/h1-b-visa-price-hike-gets-extension-till-september-2027-how-this-will-impact-indian-engineers-technicians-and-others-who-want-to-work-in-the-us/articleshow/134350549.cms>,India Specific|Destination Countries,"Trump signed a proclamation extending the $100,000 employer fee on new H-1B petitions through September 21, 2027, alongside tighter scrutiny of employers who lay off American workers, hitting India's engineers and IT firms hardest.",negative,true,Times of India,,
2026-09-18,"Andhra Pradesh sends 53 trained workers to Germany, Dubai",<https://www.thehindu.com/news/national/andhra-pradesh/53-youths-from-andhra-pradesh-land-jobs-in-germany-and-dubai/article71481123.ece>,India Specific,"Andhra Pradesh's skill agencies placed 44 nurses in Germany with government-backed language training and 9 drivers in Dubai, a model of state-led structured labour export India is trying to scale.",positive,true,The Hindu,,
2026-09-20,India's Dubai consulate opens free legal camp for expats,<https://gulfnews.com/uae/indian-expats-in-uae-to-get-free-legal-advice-indian-consulate-in-dubai-announces-legal-counselling-camp-1.500681473>,India Specific,The Consulate General of India in Dubai announced a free legal counselling camp to help Indian workers with labour and civil disputes while warning against fraudulent visa-regularisation scams in the UAE.,positive,true,Gulf News,,
2026-09-19,"Indian diaspora group backs H-1B scrutiny, warns on innovation",<https://m.economictimes.com/nri/work/h-1b-visa-indian-diaspora-group-backs-trumps-scrutiny-warns-against-hurting-us-innovation/articleshow/134348366.cms>,India Specific,The Foundation for India and Indian Diaspora Studies backed tighter oversight to curb H-1B abuse but urged Washington to protect merit-based pathways for specialised talent.,neutral,true,The Economic Times,,
2026-09-19,US court blocks fast third-country deportations,<https://www.aljazeera.com/news/2026/9/19/us-court-blocks-trump-plan-to-deport-migrants-to-third-countries>,Destination Countries,A US federal appeals court ruled the government cannot rapidly deport migrants to third countries without a meaningful chance to raise safety and persecution concerns.,positive,true,Al Jazeera,,
2026-09-18,Australia to reopen detention centres for visa overstayers,<https://www.theguardian.com/australia-news/2026/sep/18/labors-plans-for-visa-overstayer-detention-centres-a-donald-trump-twist-on-australian-immigration-ntwnfb>,Destination Countries,"Canberra will reopen dedicated detention facilities and deploy 100 extra compliance officers to target an estimated 77,000 visa overstayers, sharpening enforcement risk for migrants who fall out of status.",negative,true,The Guardian,,
2026-09-20,Canada language giant ILAC collapses amid student visa caps,<https://thepienews.com/breaking-ilac-education-group-in-canada-files-for-bankruptcy/>,Destination Countries,"Major private language and vocational provider ILAC Education Group filed for bankruptcy after federal student caps and post-graduate work-permit curbs, a warning sign for Indian students eyeing Canada.",negative,true,The PIE News,,
2026-09-19,US warns migrants against paying for faster visas,<https://www.hindustantimes.com/world-news/us-news/us-warns-immigrants-dont-pay-anyone-who-guarantees-a-faster-green-card-visa-or-work-permit-101789802993241.html>,India Specific|Destination Countries,"USCIS issued a public alert warning applicants against operators promising expedited Green Cards, H-1B visas or work permits for a fee, relevant to India's large pool of US applicants.",negative,false,Hindustan Times,,
2026-09-18,White House withdraws its ICE director nominee,<https://www.thehindu.com/news/international/trump-withdraws-lance-schroyer-a-former-oklahoma-state-trooper-as-his-nominee-to-lead-ice/article71480610.ece>,Destination Countries,"The White House pulled its nomination of Lance Schroyer to lead ICE amid scrutiny of enforcement operations and recruitment, adding uncertainty to the US deportation drive.",neutral,false,The Hindu,,
2026-09-19,Philippines lets foreign staff work while permits pend,<https://kpmg.com/xx/en/our-insights/gms-flash-alert/2026/flash-alert-2026-238.html>,Competitor Countries,"The Philippine Economic Zone Authority now lets foreign employees process work visas on filing receipts while permit applications are pending, easing entry as the Philippines sharpens competitiveness against India.",positive,false,KPMG,,
2026-09-19,Study: UK sets highest salary bar for net-contributor migrants,<https://www.ft.com/content/124c1cf0-4885-495c-a907-a5217d589f9d>,Demographics &amp; Fertility|Destination Countries,"A Stanford working paper found UK foreign workers must reach the 55th income percentile to be net fiscal contributors, versus 45th in France and 28th in Germany.",neutral,false,Financial Times,,
2026-09-21,Australia warns of rapid ageing as migration slows,<https://www.straitstimes.com/asia/australia-warns-of-risks-from-ageing-population-falling-birth-rates>,Demographics &amp; Fertility|Destination Countries,"Australia's Intergenerational Report warned deaths will outpace births by the 2060s as net overseas migration falls, urging targeted skilled immigration — a demand signal for source countries like India.",neutral,false,The Straits Times,,
2026-09-23,UPI merchant fee from Oct 15 won't hit UAE NRIs' transfers,<https://gulfnews.com/business/banking/new-upi-charges-from-october-15-what-uae-nris-need-to-know-before-paying-1.500683911,%22India|https://gulfnews.com/business/banking/new-upi-charges-from-october-15-what-uae-nris-need-to-know-before-paying-1.500683911,India> Specific|Destination Countries,"India's new 0.4% MDR on UPI payments above Rs2,000 applies to merchants only; person-to-person and NRI account transfers stay free, preserving zero-cost remittance rails for Indians in the UAE.",neutral,true,Gulf News,Remittances and Diaspora
2026-09-23,India bank strike Sep 28-30 may delay UAE-to-India remittances,<https://gulfnews.com/business/banking/sending-money-to-india-from-uae-soon-bank-strike-may-delay-some-transfers-1.500684979,%22India|https://gulfnews.com/business/banking/sending-money-to-india-from-uae-soon-bank-strike-may-delay-some-transfers-1.500684979,India> Specific|Destination Countries,A three-day Indian bank union strike (Sep 28-30) could slow staff-processed inward transfers for Gulf-based Indian workers; a Sep 27 Sunday banking day has been cleared to soften the impact.,neutral,true,Gulf News,Remittances and Diaspora
2026-09-23,Philippines moves to digitally upskill its seafarers,<https://globalnation.inquirer.net/339104/marcos-govt-to-help-filipino-seafarers-adapt-to-digitalization,%22Competitor|https://globalnation.inquirer.net/339104/marcos-govt-to-help-filipino-seafarers-adapt-to-digitalization,Competitor> Countries,"Manila is rolling out digital-transformation training, new seafarer contracts, a welfare centre and enhanced repatriation cover, strengthening the Philippines' maritime-labour export edge as India tries to scale its own seafarer supply.",neutral,true,Inquirer,Skills and Talent
2026-09-24,"India aligns skill standards with Germany, Japan for overseas jobs",<https://m.economictimes.com/nri/latest-updates/india-aligning-skill-standards-with-germany-japan-to-boost-overseas-jobs-nsdc-ceo/articleshow/134464221.cms,%22India|https://m.economictimes.com/nri/latest-updates/india-aligning-skill-standards-with-germany-japan-to-boost-overseas-jobs-nsdc-ceo/articleshow/134464221.cms,India> Specific|Destination Countries,"NSDC International is aligning India's skill and vocational-training standards with those of Germany, Japan, Israel and Middle East markets so Indian workers' credentials are recognised abroad, aiming to boost structured overseas employment.",positive,true,The Economic Times,Skills and Talent
2026-09-24,US launches public portal to report visa fraud,<https://m.economictimes.com/nri/latest-updates/us-department-of-state-launches-online-portal-to-report-suspected-visa-fraud-and-misuse/articleshow/134453242.cms,%22Destination|https://m.economictimes.com/nri/latest-updates/us-department-of-state-launches-online-portal-to-report-suspected-visa-fraud-and-misuse/articleshow/134453242.cms,Destination> Countries,"The US State Department launched a public online portal to report suspected visa fraud and misuse - fake job offers, shell companies, sham marriages and birth tourism - signalling tighter scrutiny that raises exposure for Indian applicants and recruiters.",negative,true,The Economic Times,Enforcement and Crisis
2026-09-24,UAE retirement-visa insurance costs squeeze older expats,<https://gulfnews.com/living-in-uae/health/uae-health-insurance-retired-expats-1.500686356,%22Destination|https://gulfnews.com/living-in-uae/health/uae-health-insurance-retired-expats-1.500686356,Destination> Countries,"Older expatriates applying for the UAE's five-year retirement visa face steep medical-insurance premiums (up to Dh45,000+ a year) and pre-existing-condition waiting periods, a growing cost barrier for the ageing Indian expat community.",neutral,true,Gulf News,Visas and Work Permits
2026-09-25,"Vietnam overhauls guest-worker law, bans upfront recruitment fees",<https://english.luatvietnam.vn/legal-news/10-new-points-of-the-2026-amended-law-on-vietnamese-guest-workers-4729-112766-article.html,%22Competitor|https://english.luatvietnam.vn/legal-news/10-new-points-of-the-2026-amended-law-on-vietnamese-guest-workers-4729-112766-article.html,Competitor> Countries,"Vietnam's amended guest-worker law introduces ten changes: barring training-fee collection before a worker is selected, requiring overseas company representatives and legal aid, banning all overseas massage work, and imposing five-year bans on firms whose licences are revoked.",neutral,true,LuatVietnam,Labour and Workers
